"id";"link";"title"
1;"关于flask蓝图";"https://segmentfault.com/a/1190000016570141"
2;"为什么说session依赖cookie，以及cookie的常用知识";"https://segmentfault.com/a/1190000016453138"
3;"Python开发以太坊的类库Web3.py V4的新功能";"https://segmentfault.com/a/1190000016450594"
4;"python使用web3py与以太坊智能合约交互";"https://segmentfault.com/a/1190000016362460"
5;"python和flask框架开发以太坊智能合约";"https://segmentfault.com/a/1190000016188023"
6;"Python第一天：你必须要知道的Python擅长领域以及各种重点学习框架（包含Python在世界上的应用）";"https://segmentfault.com/a/1190000016098009"
7;"基于websocket的celery任务状态监控";"https://segmentfault.com/a/1190000016060579"
8;"使用 Flask-Docs 自动生成 Api 文档";"https://segmentfault.com/a/1190000015653976"
9;" 5分钟教你学会Django系统错误监控";"https://segmentfault.com/a/1190000015327472"
10;"【Python】Python正则表达式使用指导";"https://segmentfault.com/a/1190000015295234"
11;"python中#!/usr/bin/python与#!/usr/bin/env python的区别";"https://segmentfault.com/a/1190000015295218"
12;"Python微信公众号开发—小白篇（一）";"https://segmentfault.com/a/1190000015271082"
13;"flask入门5-model";"https://segmentfault.com/a/1190000015240882"
14;"flask入门4-文件上传与邮件发送";"https://segmentfault.com/a/1190000015240818"
15;"flask入门3-表单";"https://segmentfault.com/a/1190000015228524"
16;"flask入门2-模板引擎";"https://segmentfault.com/a/1190000015205323"
17;"flask入门1";"https://segmentfault.com/a/1190000015191449"
18;"应用服务器与WSGI协议以及flask后端框架总结(后端接收请求返回响应的整个流程)";"https://segmentfault.com/a/1190000015123823"
19;"flask接收请求并推入栈";"https://segmentfault.com/a/1190000015123777"
20;"flask如何开启多线程详解";"https://segmentfault.com/a/1190000015123751"
21;"flask_login模块中user_loader装饰器引发的思考";"https://segmentfault.com/a/1190000015123733"
22;"flask中current_app、g、request、session源码的深究和理解";"https://segmentfault.com/a/1190000015123719"
23;"Flask 发布 1.0 稳定版";"https://segmentfault.com/a/1190000014984957"
24;"献给正在学习python的你，10个最受欢迎的Python开源框架";"https://segmentfault.com/a/1190000014857167"
25;"Flask Api 文档管理与 Swagger 上手";"https://segmentfault.com/a/1190000014775124"
26;"Flask参数配置";"https://segmentfault.com/a/1190000014709179"
27;"AJAX跨域简单讲解【Python版】";"https://segmentfault.com/a/1190000014700279"
28;"一步一步开发SSL在线工具";"https://segmentfault.com/a/1190000014482961"
29;"Flask_Web学习梳理总结（下）";"https://segmentfault.com/a/1190000014440442"
30;"如何理解Nginx, WSGI, Flask之间的关系";"https://segmentfault.com/a/1190000014105795"
31;"使用 Vue.js 和 Flask 来构建一个单页的App";"https://segmentfault.com/a/1190000013862866"
32;"基于flask实现开发类似gitbook项目：beibq";"https://segmentfault.com/a/1190000013784104"
33;"python， linux， 前端，实践过程中的短知识总结（入门级）（长期更新）";"https://segmentfault.com/a/1190000013767626"
34;"python:使用PIL,制作并验证图片验证码";"https://segmentfault.com/a/1190000013739881"
35;"sql to sqlalchemy 实例教程";"https://segmentfault.com/a/1190000013592418"
36;"websocket搭建简单的网页聊天室框架【续2】——关于Flask Blueprint";"https://segmentfault.com/a/1190000013591228"
37;"flask笔记：部署flask";"https://segmentfault.com/a/1190000013583851"
38;"flask笔记：flask与数据库的交互";"https://segmentfault.com/a/1190000013577873"
39;"flask笔记：是flask.ext.sqlalchemy还是flask_sqlalchemy";"https://segmentfault.com/a/1190000013570224"
40;"Flask源代码阅读笔记（一）——应用启动";"https://segmentfault.com/a/1190000013473467"
41;"flask-maple使用文档";"https://segmentfault.com/a/1190000013449099"
42;"自动为Flask写的API生成帮助文档";"https://segmentfault.com/a/1190000013420209"
43;"websocket搭建简单的网页聊天室框架";"https://segmentfault.com/a/1190000013415356"
44;"Flask_Web学习梳理总结（上）";"https://segmentfault.com/a/1190000013267915"
45;"vue-admin和后端(flask)分离结合的例子";"https://segmentfault.com/a/1190000013267685"
46;"阿里云上到底能运行SAP哪些产品?";"https://segmentfault.com/a/1190000013266348"
47;"19.设置服务器端Session【番外】";"https://segmentfault.com/a/1190000013246129"
48;"基于flask框架博客线上部署过程";"https://segmentfault.com/a/1190000013245791"
49;"flask文档学习笔记1-快速入门";"https://segmentfault.com/a/1190000013155090"
50;"flask-admin 快速打造博客 系列三 （后台模板修改）";"https://segmentfault.com/a/1190000013127706"
51;"Ajax与Flask传值的跨域问题";"https://segmentfault.com/a/1190000013108234"
52;"Python反序列化安全问题";"https://segmentfault.com/a/1190000013099825"
53;"flask-admin 快速打造博客 系列二 （整合flask-admin）";"https://segmentfault.com/a/1190000013073352"
54;"Python从入门到转行";"https://segmentfault.com/a/1190000013011286"
55;"基于 oracle 的 flask 项目（五）——报表下载";"https://segmentfault.com/a/1190000013007682"
56;"18.上传文件限制和使用富文本编辑器【完结篇】";"https://segmentfault.com/a/1190000013002295"
57;"基于 oracle 的 flask 项目（四）——搜索查询";"https://segmentfault.com/a/1190000012998843"
58;"基于 oracle 的 flask 项目（三）——生成报表";"https://segmentfault.com/a/1190000012981987"
59;"17.上传和修改头像";"https://segmentfault.com/a/1190000012971233"
60;"16.设计和实现用户中心、修改密码功能";"https://segmentfault.com/a/1190000012958947"
61;"flask-admin 快速打造博客 系列一 ";"https://segmentfault.com/a/1190000012947349"
62;"基于 oracle 的 flask 项目（二）——用户登录";"https://segmentfault.com/a/1190000012942001"
63;"15.搜索功能的实现与页面倒计时跳转";"https://segmentfault.com/a/1190000012926350"
64;"14.问题详情页面以及添加评论";"https://segmentfault.com/a/1190000012920475"
65;"13.首页内容展示";"https://segmentfault.com/a/1190000012914743"
66;"12.发布问答界面设计及before_request钩子函数";"https://segmentfault.com/a/1190000012912425"
67;"基于 oracle 的 flask 项目（一）——配置项目";"https://segmentfault.com/a/1190000012910189"
68;"python3+flask+mysql实现登录注册";"https://segmentfault.com/a/1190000012907156"
69;"11.保存登录状态与注销功能";"https://segmentfault.com/a/1190000012894461"
70;"10.注册和登录功能实现（3）—— 注册数据写入数据库";"https://segmentfault.com/a/1190000012881420"
71;"Flask源码流程梳理";"https://segmentfault.com/a/1190000012867226"
72;"9.注册和登录功能实现（2）—— 注册与登录的错误提示";"https://segmentfault.com/a/1190000012867119"
73;"8.注册和登录功能实现（1）—— 页面设计和获取POST数据";"https://segmentfault.com/a/1190000012847569"
74;"7.ORM与SQLAlchemy （3） - flask-migrate数据库迁移";"https://segmentfault.com/a/1190000012832834"
75;"6.ORM与SQLAlchemy （2） - 模型关系与引用";"https://segmentfault.com/a/1190000012830522"
76;"5.ORM与SQLAlchemy （1） - 建立第一个模型";"https://segmentfault.com/a/1190000012829821"
77;"flask 单元测试 (一)";"https://segmentfault.com/a/1190000012826600"
78;"4.模板的继承及Bootstrap实现导航条";"https://segmentfault.com/a/1190000012823144"
79;"深入理解flask框架(4):session";"https://segmentfault.com/a/1190000012817456"
80;"3.render_template渲染模板及jinja2";"https://segmentfault.com/a/1190000012817254"
81;" 2.反转函数url_for与重定向redirect";"https://segmentfault.com/a/1190000012807610"
82;"1.第一个Flask程序、DEBUG模式及URL传参";"https://segmentfault.com/a/1190000012800176"
83;"深入理解flask框架(3):config与extension";"https://segmentfault.com/a/1190000012768030"
84;"Flask 扩展系列之 Flask-RESTful";"https://segmentfault.com/a/1190000012692984"
85;"深入理解flask框架(2):应用上下文与请求上下文";"https://segmentfault.com/a/1190000012636795"
86;"深入理解flask框架(1):WSGI与路由";"https://segmentfault.com/a/1190000012620537"
87;"flask 从二进制数据返回图片";"https://segmentfault.com/a/1190000012528303"
88;"Flask 下载中文名文件";"https://segmentfault.com/a/1190000012514419"
89;"用python写通用restful api service（二）";"https://segmentfault.com/a/1190000012353350"
90;"Flask-restful 用法及自定义参数错误信息";"https://segmentfault.com/a/1190000012281928"
91;"用python写通用restful api service（一）";"https://segmentfault.com/a/1190000012264993"
92;"flask starter: tadpole";"https://segmentfault.com/a/1190000012262318"
93;"jsonlint：python的json数据验证库";"https://segmentfault.com/a/1190000012200915"
94;"在 Visual Studio Code 中配置 Python Flask 环境";"https://segmentfault.com/a/1190000012149680"
95;"使用 Blueprint 要注意 render_template 函数";"https://segmentfault.com/a/1190000012139309"
96;"如何使用Python制作网络爬虫";"https://segmentfault.com/a/1190000012118552"
97;"基于 flask-socketio 的 CRUD 操作初探";"https://segmentfault.com/a/1190000012077464"
98;"如何在flask实现form搜索";"https://segmentfault.com/a/1190000011917467"
99;"用Python+Flask实战一个实用的留言板Demo";"https://segmentfault.com/a/1190000011915907"
100;"SQLAIchemy数据模型关联";"https://segmentfault.com/a/1190000011915153"
101;"SQLAlchemy对数据基本操作";"https://segmentfault.com/a/1190000011915021"
102;"python开发时几种安全验证的实现";"https://segmentfault.com/a/1190000011914950"
103;"Ubuntu 环境下搭建Flask框架";"https://segmentfault.com/a/1190000011721954"
104;"flask + wtform + google storage";"https://segmentfault.com/a/1190000011708872"
105;"使用flask开发api——部署flask，使用gunicorn+gevent模式的http server";"https://segmentfault.com/a/1190000011689236"
106;"使用CDN提高Flask-Moment（Moment.js）的加载速度";"https://segmentfault.com/a/1190000011655461"
107;"运行 Flask";"https://segmentfault.com/a/1190000011605322"
108;"[译] Flask教程--会话";"https://segmentfault.com/a/1190000011597409"
109;"flask蓝图的简单介绍";"https://segmentfault.com/a/1190000011484140"
110;"[译]Flask教程--重定向与错误";"https://segmentfault.com/a/1190000011441932"
111;"[译]Flask教程--Cookie";"https://segmentfault.com/a/1190000011440520"
112;"[译]Flask教程--将表单数据发送到模板";"https://segmentfault.com/a/1190000011440245"
113;"[译]Flask教程--请求对象";"https://segmentfault.com/a/1190000011440172"
114;"[译]Flask教程--静态文件";"https://segmentfault.com/a/1190000011403369"
115;"Python Flask单点登录问题";"https://segmentfault.com/a/1190000011371576"
116;"[译]Flask教程-模版";"https://segmentfault.com/a/1190000011370651"
117;"Python Web开发最难懂的WSGI协议，到底包含哪些内容？";"https://segmentfault.com/a/1190000011365430"
118;"[译]Flask教程-HTTP方法";"https://segmentfault.com/a/1190000011302495"
119;"Flask与Vue的token认证";"https://segmentfault.com/a/1190000011277435"
120;"编程零基础应当如何开始学习 Python？";"https://segmentfault.com/a/1190000011182402"
121;"blueprint(蓝本/蓝图)学习笔记";"https://segmentfault.com/a/1190000011000629"
122;"Debian8 + Flask + Nginx + uWSGI + uWSGI Emperor 基本配置文件注意事项";"https://segmentfault.com/a/1190000010990529"
123;"Flask五之表单";"https://segmentfault.com/a/1190000010954983"
124;"Flask三之请求与响应";"https://segmentfault.com/a/1190000010954763"
125;"Flask二之快速入门";"https://segmentfault.com/a/1190000010954676"
126;"Flask一之安装";"https://segmentfault.com/a/1190000010953937"
127;"8月最新基于kubernetes的应用编排实践";"https://segmentfault.com/a/1190000010857756"
128;"模版：宏、 Flask-Moment扩展模块";"https://segmentfault.com/a/1190000010607991"
129;"Python ImportError: cannot import name";"https://segmentfault.com/a/1190000010600365"
130;"Flask-SQLAlchemy中解决1366报错";"https://segmentfault.com/a/1190000010596306"
131;"前后端json数据发送和接收";"https://segmentfault.com/a/1190000010391496"
132;"Linux运维习惯小结";"https://segmentfault.com/a/1190000010242487"
133;"B2C商城系统凭这四大优点取胜";"https://segmentfault.com/a/1190000009765538"
134;"Flask+JQuery Validation 插件+Ajax进行表单的验证";"https://segmentfault.com/a/1190000009709816"
135;"识图吟诗";"https://segmentfault.com/a/1190000009410299"
136;"从零开始用 Flask 搭建一个网站（四）";"https://segmentfault.com/a/1190000009286123"
137;"从零开始用 Flask 搭建一个网站（三）";"https://segmentfault.com/a/1190000009257151"
138;"从零开始用 Flask 搭建一个网站（二）";"https://segmentfault.com/a/1190000009199565"
139;"从零开始用 Flask 搭建一个网站（一）";"https://segmentfault.com/a/1190000009172280"
140;"Flask中的请求上下文和应用上下文";"https://segmentfault.com/a/1190000009152655"
141;"一个Flask应用运行过程剖析";"https://segmentfault.com/a/1190000009152550"
142;"又拍云 OV & EV SSL 证书上线，7 天内完成证书申购";"https://segmentfault.com/a/1190000009146906"
143;"基于whoosh实现的flask全文搜索插件";"https://segmentfault.com/a/1190000009084039"
144;"在Celery中使用Flask的上下文";"https://segmentfault.com/a/1190000009014285"
145;"在Windows平台使用IIS部署Flask网站";"https://segmentfault.com/a/1190000008909201"
146;"使用Visual Studio Code编写调试Python Flask程序";"https://segmentfault.com/a/1190000008742844"
147;"使用Python实现一个简单的图片上传存储服务";"https://segmentfault.com/a/1190000008698626"
148;"flask 源码解析：session";"https://segmentfault.com/a/1190000008615129"
149;"flask+uwsgi  在调试过程中让python文件的更改自动重启uwsgi";"https://segmentfault.com/a/1190000008446077"
150;"使用 Flask 开发 Web 应用（二）";"https://segmentfault.com/a/1190000008426273"
151;"flask 源码解析：响应";"https://segmentfault.com/a/1190000008409802"
152;"使用 Flask 开发 Web 应用（一）";"https://segmentfault.com/a/1190000008404692"
153;"flask 源码解析：请求";"https://segmentfault.com/a/1190000008387882"
154;"flask 源码解析：上下文";"https://segmentfault.com/a/1190000008383197"
155;"flask 源码解析：路由";"https://segmentfault.com/a/1190000008160493"
156;"flask 源码解析：应用启动流程";"https://segmentfault.com/a/1190000008160457"
157;"flask 源码解析：简介";"https://segmentfault.com/a/1190000008159253"
158;"flask源码阅读系列一config模块";"https://segmentfault.com/a/1190000008106016"
159;"Flask流程梳理";"https://segmentfault.com/a/1190000008076005"
160;"第一个网络爬虫-抓取CodeSnippet代码片段";"https://segmentfault.com/a/1190000007927551"
161;"高效利用Sentry追踪日志发现问题";"https://segmentfault.com/a/1190000007890855"
162;"工欲善其事必先利其器-Visual Studio Code 配置 Python 开发环境";"https://segmentfault.com/a/1190000007879685"
163;"FlaskWeb开发读书笔记之jinja2模板";"https://segmentfault.com/a/1190000007840013"
164;"关于Flask-SQLAlchemy事务提交有趣的探讨";"https://segmentfault.com/a/1190000007818952"
165;"关于Python not 及is None的有趣现象";"https://segmentfault.com/a/1190000007740737"
166;"mdwiki开发之路三";"https://segmentfault.com/a/1190000007728123"
167;"实例讲解基于 Flask+React 的全栈开发和部署";"https://segmentfault.com/a/1190000007706773"
168;"mdwiki开发之路二资源与踩坑记录";"https://segmentfault.com/a/1190000007688732"
169;"mdwiki开发之路一技术选型";"https://segmentfault.com/a/1190000007684007"
170;"Werkzeug Local与LocalProxy等浅析";"https://segmentfault.com/a/1190000007663087"
171;"gulp组织小型项目小记";"https://segmentfault.com/a/1190000007613571"
172;"Flask中向前端传递或者接收Json文件的方法";"https://segmentfault.com/a/1190000007605055"
173;"我的第一本 gitbook: Flask Web 开发笔记";"https://segmentfault.com/a/1190000007484047"
174;"Flask+Nginx踩坑记录";"https://segmentfault.com/a/1190000007445984"
175;"Flask 插件系列 - Flask-MongoEngine";"https://segmentfault.com/a/1190000007413570"
176;"python3 flask 使用连接池连接数据库";"https://segmentfault.com/a/1190000007410459"
177;"Flask 插件系列 - Flask-SQLAlchemy";"https://segmentfault.com/a/1190000007396452"
178;"Flask 插件系列 - Flask-Mail";"https://segmentfault.com/a/1190000007378073"
179;"从零开始搭建论坛（三）：Flask框架简单介绍";"https://segmentfault.com/a/1190000007326280"
180;"Flask开发记录系列之一项目骨架";"https://segmentfault.com/a/1190000007319715"
181;"Flask Web 开发实战笔记";"https://segmentfault.com/a/1190000007214843"
182;"PyCon China 深圳站精彩回顾（附PPT及视频）";"https://segmentfault.com/a/1190000007061423"
183;"[翻译] Flask Blueprints---Explore Flask";"https://segmentfault.com/a/1190000006805510"
184;"记录一次使用Flask开发过程中的bug";"https://segmentfault.com/a/1190000006658289"
185;"基于 Flask 及爬虫实现微信“讲笑话”机器人";"https://segmentfault.com/a/1190000006572778"
186;"从零开始搭建论坛（二）：Web服务器网关接口";"https://segmentfault.com/a/1190000006196209"
187;"[叁]Flask web开发:模板";"https://segmentfault.com/a/1190000006172488"
188;"[贰]Flask web开发:程序的基本结构";"https://segmentfault.com/a/1190000006156438"
189;"[壹] Flask web 开发：安装";"https://segmentfault.com/a/1190000006150052"
190;"从零开始搭建论坛（一）：Web服务器与Web框架";"https://segmentfault.com/a/1190000006095987"
191;"Python Flask 上传文件测试";"https://segmentfault.com/a/1190000005999222"
192;"Flask学习摘要";"https://segmentfault.com/a/1190000005891896"
193;"Flask学习资源整理";"https://segmentfault.com/a/1190000005888999"
194;"[原]数据科学教程：如何使用Airflow调度数据科学工作流";"https://segmentfault.com/a/1190000005835242"
195;"python blinker库学习";"https://segmentfault.com/a/1190000005814855"
196;"Flask 源码剖析——服务启动篇";"https://segmentfault.com/a/1190000005788124"
197;"flask查询whois信息实例";"https://segmentfault.com/a/1190000005784734"
198;"python中包引入遇到的问题";"https://segmentfault.com/a/1190000005772846"
199;"[译]使用Flask实现RESTful API";"https://segmentfault.com/a/1190000005642670"
200;"自己写一个 wsgi 服务器运行 Django 、Tornado 等框架应用";"https://segmentfault.com/a/1190000005640475"
201;"Flask更新数据库出错 ";"https://segmentfault.com/a/1190000005039766"
202;"[译]如何使用Flask开发一个增删改查的应用(part2)";"https://segmentfault.com/a/1190000004953456"
203;"[译]如何使用Flask开发一个增删改查的应用 ";"https://segmentfault.com/a/1190000004918694"
204;"记爬取CET4级网站的那一夜";"https://segmentfault.com/a/1190000004888192"
205;"深入 Flask 源码理解 Context";"https://segmentfault.com/a/1190000004859568"
206;"“bash: 未预期的符号 `newline' 附近有语法错误”的情况解决";"https://segmentfault.com/a/1190000004858836"
207;"新生活第一步";"https://segmentfault.com/a/1190000004690516"
208;"Flask在windows环境下连接Mysql";"https://segmentfault.com/a/1190000004665532"
209;"【大坑记】Python中的全局变量变成了局部变量";"https://segmentfault.com/a/1190000004660229"
210;"阿里无线11.11 | 手机淘宝主会场实践之路";"https://segmentfault.com/a/1190000004654347"
211;"Ubuntu下使用flask+mysql的架构搭建Web框架";"https://segmentfault.com/a/1190000004632592"
212;"Flask-SQLAlchemy 学习总结";"https://segmentfault.com/a/1190000004618621"
213;"flask 爬坑指南（二）将flask应用部署在apache上（坑巨多）";"https://segmentfault.com/a/1190000004581447"
214;"flask 爬坑指南（一）如何开始一个flask应用";"https://segmentfault.com/a/1190000004571525"
215;"Flask学习";"https://segmentfault.com/a/1190000004512699"
216;"Linux下 apache 配置 wsgi 以使用 python-flask (2016年2月)";"https://segmentfault.com/a/1190000004500715"
217;"从 WTForm 的 URLXSS 谈开源组件的安全性";"https://segmentfault.com/a/1190000004488709"
218;"使用Flask-WTF制作一个带验证码的登陆表单";"https://segmentfault.com/a/1190000004468148"
219;"Flask编写API的核心思想";"https://segmentfault.com/a/1190000004467187"
220;"flask权限管理";"https://segmentfault.com/a/1190000004406179"
221;"信息安全聚合 Sec-News 的重构之路";"https://segmentfault.com/a/1190000004307781"
222;"CentOS 下用 Nginx 和 uwsgi 部署 flask 项目";"https://segmentfault.com/a/1190000004294634"
223;"Flask-testing（一）—— 模拟登陆";"https://segmentfault.com/a/1190000004285548"
224;"flask 上下文的实现";"https://segmentfault.com/a/1190000004223296"
225;"flask route设计思路";"https://segmentfault.com/a/1190000004213652"
226;"Flask下""Uncaught SyntaxError: Unexpected token <""，一个有意思的错误";"https://segmentfault.com/a/1190000004133544"
227;"谈谈项目的重构与测试";"https://segmentfault.com/a/1190000004130439"
228;"Redis 负载监控——开源项目redis-monitor";"https://segmentfault.com/a/1190000004042191"
229;"nginx+uwsgi+flask的简单部署";"https://segmentfault.com/a/1190000004022606"
230;"Nginx + Flask + Flup：完整演示";"https://segmentfault.com/a/1190000003993249"
231;"如何自定义Flask中的响应类（译文）";"https://segmentfault.com/a/1190000003987049"
232;"[分享] Flask 网络开发经典书籍： Flask Web Development";"https://segmentfault.com/a/1190000003964635"
233;"［实验］一个小的局域网";"https://segmentfault.com/a/1190000003927496"
234;"Flask制作微信Html5滑屏宣传页";"https://segmentfault.com/a/1190000003849215"
235;"基于Flask-Angular的项目组网架构与部署";"https://segmentfault.com/a/1190000003808733"
236;"Python Flask 图床（TUSHE.ORG）开源";"https://segmentfault.com/a/1190000003000859"
237;"使用Digital Ocean部署Flask应用（一）－简单介绍";"https://segmentfault.com/a/1190000002946091"
238;"使用Digital Ocean部署Flask应用（一）－简单介绍";"https://segmentfault.com/a/1190000002946091"
239;"c++向flask 发送get和post请求";"https://segmentfault.com/a/1190000002910103"
240;"Flask教程（提高篇）---Flask Tutorial Pro";"https://segmentfault.com/a/1190000002758026"
241;"使用Flask和MongoEngine开发一个博客系统";"https://segmentfault.com/a/1190000002734585"
242;"Flask教程";"https://segmentfault.com/a/1190000002722068"
243;"在DigitalOcean上部署Flask应用（Ubuntu14.04）";"https://segmentfault.com/a/1190000002658673"
244;"在Mac上使用Nginx和FastCGI部署Flask应用";"https://segmentfault.com/a/1190000002652109"
245;"Flask-Admin 1.1.0 发布, 修正大量BUG";"https://segmentfault.com/a/1190000002594496"
246;"【译】WTForms 2 中文入门教程(速成课程)";"https://segmentfault.com/a/1190000002531677"
247;"极客爱情: 情人节礼物大作战";"https://segmentfault.com/a/1190000002511541"
248;"使用Flask-OAuthlib实现QQ OAuth2登录";"https://segmentfault.com/a/1190000002504222"
249;"Flask-Admin字段（列）格式化";"https://segmentfault.com/a/1190000002488063"
250;"【译】Flask-Admin中文入门教程";"https://segmentfault.com/a/1190000002485326"
251;"Flask-Themes不算Bug的Bug：模板找不到";"https://segmentfault.com/a/1190000002483006"
252;"使用React和Flask开发一个留言板";"https://segmentfault.com/a/1190000002481853"
253;"在Flask蓝图中使用动态URL前缀";"https://segmentfault.com/a/1190000002480266"
254;"Flask信号机制(signals)";"https://segmentfault.com/a/1190000002454953"
255;"Windows搭建Flask开发环境";"https://segmentfault.com/a/1190000002450878"
256;"IE浏览器访问Flask自带服务器假死问题解决方法";"https://segmentfault.com/a/1190000002445875"
257;"Unity结合Flask实现排行榜功能";"https://segmentfault.com/a/1190000002441014"
258;"Flask项目集成富文本编辑器XHEditor";"https://segmentfault.com/a/1190000002439076"
259;"Flask-Admin 1.0.9 发布";"https://segmentfault.com/a/1190000002438504"
260;"Flask项目集成富文本编辑器CKeditor";"https://segmentfault.com/a/1190000002436865"
261;"Flask项目集成富文本编辑器UEditor";"https://segmentfault.com/a/1190000002429055"
262;"Flask子域名及通配符子域";"https://segmentfault.com/a/1190000002413863"
263;"Flask Web Development —— 大型应用程序结构（下）";"https://segmentfault.com/a/1190000002413794"
264;"使用uwsgi和Nginx部署flask应用";"https://segmentfault.com/a/1190000002411626"
265;"Flask Web Development —— 大型应用程序结构（上）";"https://segmentfault.com/a/1190000002411388"
266;"Flask Web Development —— Email";"https://segmentfault.com/a/1190000002409472"
267;"Flask的SERVER_NAME解析";"https://segmentfault.com/a/1190000002405503"
268;"Flask Web Development —— 数据库（下）";"https://segmentfault.com/a/1190000002399975"
269;"Flask生成SECRET_KEY（密钥）的一种简单方法";"https://segmentfault.com/a/1190000002398601"
270;"Flask Web Development —— 数据库（中）";"https://segmentfault.com/a/1190000002395279"
271;"Flask加盐密码生成和验证函数";"https://segmentfault.com/a/1190000002393218"
272;"Flask Web Development —— 数据库（上）";"https://segmentfault.com/a/1190000002362175"
273;"Flask Web Development —— Web表单（下）";"https://segmentfault.com/a/1190000002172627"
274;"Flask Web Development —— Web表单（上）";"https://segmentfault.com/a/1190000000997917"
275;"Flask Web Development —— 模板（下）";"https://segmentfault.com/a/1190000000760163"
276;"Flask Web Development —— 模板（中）";"https://segmentfault.com/a/1190000000755204"
277;"flask 跨域访问装饰器实现";"https://segmentfault.com/a/1190000000753690"
278;"Flask Web Development —— 模板（上）";"https://segmentfault.com/a/1190000000749914"
279;"Flask Web Development —— 基本应用程序结构（下）";"https://segmentfault.com/a/1190000000737219"
280;"Flask Web Development —— 基本应用程序结构（上）";"https://segmentfault.com/a/1190000000730217"
281;"Flask Web Development——安装";"https://segmentfault.com/a/1190000000723218"
282;"使用 Flask 和 AngularJS 构建博客 - 2";"https://segmentfault.com/a/1190000000665636"
283;"使用 Flask 和 AngularJS 构建博客 - 1";"https://segmentfault.com/a/1190000000654088"
284;"python cannot import name XXX";"https://segmentfault.com/a/1190000000646018"
285;"Mysql DBA 自动化运维工具  My_DBA_Release 功能和技术探讨";"https://segmentfault.com/a/1190000000574071"
286;"9个高性价比的国内Python云主机推荐";"https://segmentfault.com/a/1190000000515206"
287;"Slackware使用Nginx+Supervisor+Gunicorn部署Flask应用程序";"https://segmentfault.com/a/1190000000512140"
288;"JDAppEngine(JAE)京东云引擎安装部署Flask应用程序";"https://segmentfault.com/a/1190000000510494"
289;"flask+mongoengine开发tips（二）";"https://segmentfault.com/a/1190000000494893"
290;"mongoengine+flask开发tips（一）";"https://segmentfault.com/a/1190000000492348"
291;"用flask实现的图片小站";"https://segmentfault.com/a/1190000000477454"
292;"2013年度Python Web框架";"https://segmentfault.com/a/1190000000410568"
293;"Day 16: Goose Extractor ——  好用的文章提取工具";"https://segmentfault.com/a/1190000000362182"
294;"Day 9: TextBlob——对文本进行情感分析";"https://segmentfault.com/a/1190000000356029"
295;"Day 3: Flask —— 使用Python和OpenShift进行即时Web开发";"https://segmentfault.com/a/1190000000351512"
