id,link,title
1,https://blog.csdn.net/miao0967020148/article/details/80278094, HTTP 405 错误--Method not allowed
2,https://blog.csdn.net/Star_SDK/article/details/80309566,基础 Part1
3,https://blog.csdn.net/u012832088/article/details/82557127,创建项目的入门（一）
4,https://blog.csdn.net/qq_37561761/article/details/79328942,框架使用教程-运行第一步
5,https://blog.csdn.net/limaning/article/details/53725066,笔记：（<em>Flask</em>开发基础与入门）
6,https://blog.csdn.net/CoderPai/article/details/80520880,开发轻博客（二）：Flask-模板
7,https://blog.csdn.net/CoderPai/article/details/80520913,开发轻博客（三）：Flask-的-Web-表单
8,https://blog.csdn.net/u013746482/article/details/53870013, - admin 快速入门
9,https://blog.csdn.net/qq_42420425/article/details/81913394,基础——视图函数
10,https://blog.csdn.net/CoderPai/article/details/80520920,开发轻博客（四）：数据库
11,https://blog.csdn.net/CoderPai/article/details/80520906,开发轻博客（六）：用户首页和发布博客
12,https://blog.csdn.net/NiliushaNLS/article/details/50590055, 打印动态url内容
13,https://blog.csdn.net/CoderPai/article/details/80520926,开发轻博客（一）：欢迎来到-Flask-的世界
14,https://blog.csdn.net/qq_32506555/article/details/52235065,：程序的基本结构
15,https://blog.csdn.net/k330933874/article/details/80586143,基础
16,https://blog.csdn.net/qq_28877125/article/details/76425096,成长笔记--重要的参考博客目录
17,https://blog.csdn.net/xiaoxiaodechongzi/article/details/79462820,的初步使用一
18,https://blog.csdn.net/Enjolras_fuu/article/details/80146890, Web开发--狗书笔记002--第二章 程序的基本结构
19,https://blog.csdn.net/u011240016/article/details/70889260,程序的基本结构
20,https://blog.csdn.net/zzzypp/article/details/81940680,学习之程序基本结构
21,https://blog.csdn.net/warm77/article/details/78711123, 学习文档
22,https://blog.csdn.net/shouhouren/article/details/76596014,之<em>Flask</em>类
23,https://blog.csdn.net/qq_21405949/article/details/79085199, 日志记录
24,https://blog.csdn.net/weixin_42142408/article/details/80206824,实现简单登录
25,https://blog.csdn.net/weixin_39352048/article/details/80051390,多app应用之“栈”详解
26,https://blog.csdn.net/xp5xp6/article/details/79297754,下载文件
27,https://blog.csdn.net/sjc_1024/article/details/79339730,学习——基本结构
28,https://blog.csdn.net/jhcarl0814/article/details/81113949,可能还是初步（1）
29,https://blog.csdn.net/HongKong_Python/article/details/79634888, 入门
30,https://blog.csdn.net/gangzhucoll/article/details/79156092,架站基础篇（三）--<em>Flask</em>生成文件内容和文件夹详解
31,https://blog.csdn.net/twc829/article/details/52149032,中的Hello World
32,https://blog.csdn.net/lancegentry/article/details/79335896, 第一个<em>Flask</em>网页详解
33,https://blog.csdn.net/Shud1an/article/details/79438141,从零单排-1.最简单的<em>Flask</em>程序
34,https://blog.csdn.net/G_SANGSK/article/details/80754240,的完整运行
35,https://blog.csdn.net/Andor_ZZ/article/details/50685261, 学习资料
36,https://blog.csdn.net/coderminer/article/details/52807838,实践Step by Step -- 'Hello World'
37,https://blog.csdn.net/qq_38664371/article/details/80352102,框架快速入门学习（1）
38,https://blog.csdn.net/u010603691/article/details/50582197,快速入门
39,https://blog.csdn.net/htjovi/article/details/51873469,总结（二）：URL映射
40,https://blog.csdn.net/huangyong1314/article/details/74645094,系列教程（2）——<em>Flask</em>简介
41,https://blog.csdn.net/momow26/article/details/80314349,学习第1天(01）
42,https://blog.csdn.net/ITlanyue/article/details/81112319, 入门（八）
43,https://blog.csdn.net/qq_33415086/article/details/79954732,入门
44,https://blog.csdn.net/ejinxian/article/details/82355808, 框架 是 Python 中最流行的 Web 框架之一
45,https://blog.csdn.net/wylycool/article/details/80697651,框架教程汇总(1)---其中有视图+cookie  session+ 蓝本 等
46,https://blog.csdn.net/u011659057/article/details/46293903, Ajax Demo
47,https://blog.csdn.net/HS_blog/article/details/80807211,操作指南七
48,https://blog.csdn.net/ITlanyue/article/details/81110801, 入门（七）
49,https://blog.csdn.net/qq_33733970/article/details/78961971,之初识<em>Flask</em>
50,https://blog.csdn.net/wanpeng_li/article/details/78975679,学习日记（一）
51,https://blog.csdn.net/joe_niu/article/details/78991396, 框架app = <em>Flask</em>(__name__) 解析
52,https://blog.csdn.net/f704084109/article/details/80708107,初探二( app.route 内部实现)
53,https://blog.csdn.net/water1209/article/details/72862213,在windows下安装及在eclipse下开发的环境配置
54,https://blog.csdn.net/qq_42420425/article/details/81878283,中的request
55,https://blog.csdn.net/seanb/article/details/51454833,中路由使用解析
56,https://blog.csdn.net/qq_32447301/article/details/79542525,在Python语言中使用
57,https://blog.csdn.net/zqingyaa/article/details/53842615, 学习笔记之入门
58,https://blog.csdn.net/u014102846/article/details/51352759,学习笔记-1
59,https://blog.csdn.net/qq_42420425/article/details/81878283,中的request
60,https://blog.csdn.net/seanb/article/details/51454833,中路由使用解析
61,https://blog.csdn.net/u014102846/article/details/51352759,学习笔记-1
62,https://blog.csdn.net/seanb/article/details/51454833,中路由使用解析
63,https://blog.csdn.net/qq_42420425/article/details/81878283,中的request
64,https://blog.csdn.net/angus_17/article/details/80498648, 上传图片 及 模拟post向其他Sever传图片
65,https://blog.csdn.net/weixin_41781973/article/details/80308098,虚拟环境安装配置
66,https://blog.csdn.net/hanbo6/article/details/82562980,框架 - 01 快速搭建
67,https://blog.csdn.net/qq_42684307/article/details/81048620,框架--helloworld程序
68,https://blog.csdn.net/qgy709830355/article/details/80407407,框架（一）
69,https://blog.csdn.net/guzhenping/article/details/51236829,系列----快速入门实战解析(上篇)
70,https://blog.csdn.net/yueguanghaidao/article/details/39533841, request，g，session的实现原理
71,https://blog.csdn.net/u011035407/article/details/81174966,设置返回json格式数据
72,https://blog.csdn.net/xiaohei5188/article/details/8657683,介绍
73,https://blog.csdn.net/Kevin_QQ/article/details/52839671, + Gunicorn 部署到 Heroku服务器，sqlite数据库，loggins一
74,https://blog.csdn.net/PythonKidDz/article/details/65444709,源代码--<em>Flask</em>构造函数
75,https://blog.csdn.net/wh_585/article/details/80530902,入门整理
76,https://blog.csdn.net/miaoqinian/article/details/81914064, 入门整理笔记
77,https://blog.csdn.net/qq_28877125/article/details/77605944,零基础到项目实战（三）Jinja2模板系统
78,https://blog.csdn.net/supramolecular/article/details/81119293, RESTful API
79,https://blog.csdn.net/hankerzero/article/details/68252391, 速记
80,https://blog.csdn.net/weixin_41782050/article/details/80306999,安装--day1
81,https://blog.csdn.net/qq_33528613/article/details/79317229,学习笔记（1）快速入门（关键词：<em>Flask</em>/快速入门/Quickstart）
82,https://blog.csdn.net/gangzhucoll/article/details/79167327,架站基础篇（五）----Jinja2模板
83,https://blog.csdn.net/wj_1010/article/details/78926448, 框架app = <em>Flask</em>(__name__) 解析
84,https://blog.csdn.net/qq_28877125/article/details/77621264,零基础到项目实战（三）Jinja2模板系统 （二）
85,https://blog.csdn.net/u010301542/article/details/77914948,之run函数背后的秘密
86,https://blog.csdn.net/westenboy/article/details/50565154,基本结构
87,https://blog.csdn.net/Dacc123/article/details/76377132, 学习篇二：学习<em>Flask</em>过程中的记录
88,https://blog.csdn.net/Neo233/article/details/81542896,开发
89,https://blog.csdn.net/angus_17/article/details/80455838,设置返回json格式数据
90,https://blog.csdn.net/zjw247296185/article/details/81878192,中request，g，session的实现原理
91,https://blog.csdn.net/uuihoo/article/details/80196100, request，g，session的实现原理
92,https://blog.csdn.net/wuqing942274053/article/details/72717245,中路由使用解析
93,https://blog.csdn.net/u012409883/article/details/49944945,使用
94,https://blog.csdn.net/LosingCarryJie/article/details/81988320,——Pyhton服务器搭建
95,https://blog.csdn.net/xijiao_jiao/article/details/81133387,面试常问
96,https://blog.csdn.net/qq_23934063/article/details/71427939, 框架入门
97,https://blog.csdn.net/qq_29730101/article/details/81486875,路由
98,https://blog.csdn.net/jiangboss1973/article/details/50417756,入门1
99,https://blog.csdn.net/he93007/article/details/78642550, 自带jsonify   直接返回json一条龙
100,https://blog.csdn.net/xluren/article/details/40481601, 代码片段
101,https://blog.csdn.net/hanbo6/article/details/82563056,框架 - 10 Debugtoolbar与Restful
102,https://blog.csdn.net/ggaofengg/article/details/63265421,
103,https://blog.csdn.net/wuqing942274053/article/details/75196130,生成验证码（中英文都存在）
104,https://blog.csdn.net/weixin_38639882/article/details/82144876, 创建表模型
105,https://blog.csdn.net/qq_31187881/article/details/79703475,第一天学习
106,https://blog.csdn.net/u011304490/article/details/80759479,模型类示例
107,https://blog.csdn.net/u010445540/article/details/52861197,用reqparse实现post方法时，parser.parse_args()的值为None的解决办法
108,https://blog.csdn.net/ChristopherChen/article/details/54636846, 框架app = <em>Flask</em>(__name__) 解析
109,https://blog.csdn.net/u014084065/article/details/51850872, SqlAlchemy Enum 导致运行KeyError问题的解决方案
110,https://blog.csdn.net/water1209/article/details/72857566,在linux系统下环境的离线搭建及简单实用教程
111,https://blog.csdn.net/runnoob_1115/article/details/77757604,入门二：快速入门
112,https://blog.csdn.net/qq_41805514/article/details/80779442,学习笔记：消息提示与异常处理
113,https://blog.csdn.net/itjinks/article/details/47792059,快速开始总结
114,https://blog.csdn.net/Becivells/article/details/52932773,开发碰到的socket.error: [Errno 10053]
115,https://blog.csdn.net/u014015972/article/details/50545272, Requests & 人人网Session
116,https://blog.csdn.net/f704084109/article/details/80646937,初探一(<em>Flask</em> 各参数的应用)
117,https://blog.csdn.net/huangyong1314/article/details/74650206,系列教程（7）——Jinja2模板概述
118,https://blog.csdn.net/beichen0518/article/details/80314254,
119,https://blog.csdn.net/maChao_97/article/details/79504111,基础之视图-01
120,https://blog.csdn.net/liurenfeng007/article/details/81220849, 创建app 时候传入多个参数
121,https://blog.csdn.net/Star_SDK/article/details/80328620,基础Part2-（路由，请求，响应，重定向）
122,https://blog.csdn.net/gh254172840/article/details/81410304, Mega-Tutorial 中文教程 V2.0 第7章：错误处理
123,https://blog.csdn.net/slamx/article/details/49103129,基本结构（一）
124,https://blog.csdn.net/Zerore/article/details/51423294,(2)-程序的基本结构
125,https://blog.csdn.net/qq_40952927/article/details/81110761,的另一种路由注册方式（1ni）
126,https://blog.csdn.net/pyphrb/article/details/51982095,教程笔记-CSRF token保护验证
127,https://blog.csdn.net/htjovi/article/details/51835550,总结（一）
128,https://blog.csdn.net/u010271717/article/details/50394300,中session的用法
129,https://blog.csdn.net/qq_42055440/article/details/80683165,之发送邮件
130,https://blog.csdn.net/lancegentry/article/details/79335945, 启动debug模式及使用配置文件
131,https://blog.csdn.net/ox180x/article/details/52029186,测试跨域请求
132,https://blog.csdn.net/liyahui_3163/article/details/78950946,——1.初识<em>flask</em>微框架
133,https://blog.csdn.net/zhangzejia/article/details/79616192,简介与安装
134,https://blog.csdn.net/ihaoran45/article/details/51051131,学习笔记（一）
135,https://blog.csdn.net/u012145252/article/details/82458606,入门和快速上手
136,https://blog.csdn.net/qq_41432935/article/details/81740661,框架概述
137,https://blog.csdn.net/huangyong1314/article/details/80392089,系列教程（19）——SQLAlchemy介绍和基本使用
138,https://blog.csdn.net/NilsGuo/article/details/52471270, 部署 heroku
139,https://blog.csdn.net/toigkiss/article/details/72654650,学习专题之简介
140,https://blog.csdn.net/gh254172840/article/details/81409498, Mega-Tutorial 中文教程 V2.0 第1章：Hello，World！
141,https://blog.csdn.net/huangyong1314/article/details/80555315,系列教程（31）——<em>Flask</em>上下文
142,https://blog.csdn.net/jayandchuxu/article/details/56312669,安装及简单代码
143,https://blog.csdn.net/MustangJy/article/details/79323402, Web开发 2.0 程序的基本结构
144,https://blog.csdn.net/a0100034930/article/details/42414025, Web Development —— 基本应用程序结构（上）
145,https://blog.csdn.net/huangyong1314/article/details/74652664,系列教程（10）——宏和import语句
146,https://blog.csdn.net/Zurielhgq/article/details/77512463,学习记录，后面再整理
147,https://blog.csdn.net/demon_w/article/details/53665905, web学习笔记1
148,https://blog.csdn.net/weixin_42799711/article/details/81666946,项目笔记
149,https://blog.csdn.net/huanghelouzi/article/details/82465774, of Python 学习笔记1
150,https://blog.csdn.net/huangyong1314/article/details/74647673,系列教程（4）——URL与视图
151,https://blog.csdn.net/coderminer/article/details/52797776, 快速入门
152,https://blog.csdn.net/Sasoritattoo/article/details/16851751,各个功能使用demos
153,https://blog.csdn.net/Sasoritattoo/article/details/9415167,快速入门
154,https://blog.csdn.net/coderminer/article/details/52693658, 开发环境配置
155,https://blog.csdn.net/claroja/article/details/78539420,
156,https://blog.csdn.net/hello_albee/article/details/51638358,中'endpoint'（端点）的理解
157,https://blog.csdn.net/twc829/article/details/52149849,模板
158,https://blog.csdn.net/qq_38934189/article/details/80420072, 创建API简单使用
159,https://blog.csdn.net/u010897864/article/details/82118193,上传文件
160,https://blog.csdn.net/ITlanyue/article/details/81077576, 入门（四）
161,https://blog.csdn.net/qq_17365907/article/details/66472991,入门笔记(一)
162,https://blog.csdn.net/hello_albee/article/details/51638358,中'endpoint'（端点）的理解
163,https://blog.csdn.net/yejingtao703/article/details/79834582,扩展
164,https://blog.csdn.net/qq_19876131/article/details/50887270, 框架学习(三)
165,https://blog.csdn.net/qq_41805514/article/details/80765358,学习笔记：路由和反向路由
166,https://blog.csdn.net/csdnjava2017/article/details/78156935,项目配置文件
167,https://blog.csdn.net/IAlexanderI/article/details/80001533, 扩展
168,https://blog.csdn.net/u013242177/article/details/61199474, Web开发--前言
169,https://blog.csdn.net/TheKingofC/article/details/50603033, Web开发－安装环境
170,https://blog.csdn.net/LIsansui/article/details/78909229,在windows下安装
171,https://blog.csdn.net/qq_41805514/article/details/80765358,学习笔记：路由和反向路由
172,https://blog.csdn.net/csdnjava2017/article/details/78156935,项目配置文件
173,https://blog.csdn.net/huangyong1314/article/details/80392036,系列教程（18）——安装MySQL
174,https://blog.csdn.net/Enjolras_fuu/article/details/82229073, --（22）<em>Flask</em>特有的变量和函数
175,https://blog.csdn.net/qq_42142258/article/details/81334466,  python: can't open file 'manage.py': [Errno 2] N
176,https://blog.csdn.net/xun527/article/details/79774044,入门之上传文件到本地服务器
177,https://blog.csdn.net/u014776215/article/details/80768309, 自定义转换器
178,https://blog.csdn.net/u010745324/article/details/73727507,博客项目前端设计
179,https://blog.csdn.net/yejingtao703/article/details/79834582,扩展
180,https://blog.csdn.net/qq_19876131/article/details/50887270, 框架学习(三)
181,https://blog.csdn.net/quxing10086/article/details/80306461,构建微电影
182,https://blog.csdn.net/weixin_40538030/article/details/78365060,学习日志一（2）-第一个<em>flask</em>程序
183,https://blog.csdn.net/u012269327/article/details/62422539, Web开发学习之“HelloWorld”
184,https://blog.csdn.net/weixin_40538030/article/details/78364831,学习日志一（1）-url和视图
185,https://blog.csdn.net/zoulonglong/article/details/79866101, web开发 SQLAlchemy数据库的简单操作及部署
186,https://blog.csdn.net/gh254172840/article/details/81410311, Mega-Tutorial 中文教程 V2.0 第8章：关注与被关注
187,https://blog.csdn.net/gh254172840/article/details/81410281, Mega-Tutorial 中文教程 V2.0 第3章：Web表单
188,https://blog.csdn.net/shengshengwang/article/details/78260209,学习日记1
189,https://blog.csdn.net/gh254172840/article/details/81410292, Mega-Tutorial 中文教程 V2.0 第4章：数据库
190,https://blog.csdn.net/qq_41868948/article/details/80355478,框架
