id,link,title,
1,https://www.v2ex.com/t/484594#reply1432,送几本《Flask Web 开发（第 2 版）》,
2,https://www.v2ex.com/t/472437#reply9,Python2 的 flask 接收不到中文参数,
3,https://www.v2ex.com/t/471738#reply5,浏览器使用 jQuery Ajax 获取服务端数据报 Provisional headers are shown 错误？,
4,https://www.v2ex.com/t/471458#reply16,如何在 Flask 的 Factory Mode 中使用 Celery？,
5,https://www.v2ex.com/t/470681#reply0,各位是如何将 flask 的模型类数据，序列化成 json 格式返回？我搜了一些，想知道各位都是怎么解决这个问题的的？,
6,https://www.v2ex.com/t/469842#reply12,flask 有关 create_all 之前是否需要导入模型类的问题？,
7,https://www.v2ex.com/t/470157#reply7,有关于 flask 创建 create_all()之前导入 models 的几个问题，希望各位可以帮忙看看,
8,https://www.v2ex.com/t/469360#reply0,flask,
9,https://www.v2ex.com/t/463088#reply3,项目部署之后访问弹出 Internal Server Error,
10,https://www.v2ex.com/t/463858#reply16,如何保护在小程序端保护 Flask 写的 API？,
11,https://www.v2ex.com/t/456965#reply3,flask 创建蓝图的时候，为什么如下没有产生相互引用？,
12,https://www.v2ex.com/t/457473#reply0,[求教]deployment 和数据库 scheme 更新/数据迁移还有应用层的关系,
13,https://www.v2ex.com/t/456656#reply3,对于 flask-sqlalchemy 出现(sqlalchemy.exc.InvalidRequestError) Can't reconnect until invalid transaction is rolled back 错误,
14,https://www.v2ex.com/t/448899#reply9,flask 如何最简实现耗时操作？,
15,https://www.v2ex.com/t/441619#reply1,sqlalchemy 如何判断语句是否用了 index？,
16,https://www.v2ex.com/t/438542#reply5,flask 新建项目，工厂模式骨架，这个怎么快速构建？我用的 vscode,
17,https://www.v2ex.com/t/439783#reply6,默默问一句，是不是 pycharm 社区版不能调试打断点调试 flask？,
18,https://www.v2ex.com/t/439691#reply0,flask， models 文件夹内的数据库模型文件，引用失败，求解？,
19,https://www.v2ex.com/t/438471#reply7,flask web 开发这本书，源码改为 mysql 数据库，发现伪造数据不成功，有 rollback，但是还是不行,
20,https://www.v2ex.com/t/438061#reply13,flask 的 render_template 页面刷新的问题?,
21,https://www.v2ex.com/t/437947#reply8,求助,
22,https://www.v2ex.com/t/435867#reply0,heroku 部署，本地使用没问题，我传到 heroku 后 db init 成功，但进行 maigrate 的时候提示无法找到 magrations 文件夹,
23,https://www.v2ex.com/t/433689#reply10,flask 通过 ajax， post 获取来的 json 数据，例如邮箱，手机号码，用户名等数据，如何进行格式验证,
24,https://www.v2ex.com/t/432627#reply2,flask itsdangerous 文档里找不到 TimedJSONWebSignatureSerializer,
25,https://www.v2ex.com/t/432438#reply14,flask 最为后端开发微信小程序，求登录逻辑教程,
26,https://www.v2ex.com/t/429276#reply12,flask-mail，使用 qq 邮箱作为发送端，有时可以发送成功，有时不能，求问原因,
27,https://www.v2ex.com/t/428692#reply3,Flask 框架内置的函数： generate_password_hash,
28,https://www.v2ex.com/t/427823#reply6,为什么 flask 里面用 id 无法提交表单内容?,
29,https://www.v2ex.com/t/427834#reply4,vscode 显示[pylint] E1101:Instance of 'SQLAlchemy' has no 'Column' member,
30,https://www.v2ex.com/t/427679#reply12,flask css 文件的加载的问题,
31,https://www.v2ex.com/t/427463#reply6,flask 访问 static css 这个 url 如何显示类似文件夹路径的东西?,
32,https://www.v2ex.com/t/427037#reply11,flask 运行的时候如何直接打开一个链接?,
33,https://www.v2ex.com/t/423037#reply4,flask Method not allowed 是什么问题? 上传文件一定要 return 当前页面的 html 吗?,
34,https://www.v2ex.com/t/422017#reply10,Flask 和 前端交互失败, 请问是怎么回事?"
35,https://www.v2ex.com/t/407093#reply3,Flask 中如何处理同一 app 中前后台登录的问题,
36,https://www.v2ex.com/t/400386#reply24,flask-restful 封装接口， ie8/9 下 跨域调用的问题，快被折磨死了。,
37,https://www.v2ex.com/t/400875#reply2,flask 批量导入数据的时候出现错误? 求指教!,
38,https://www.v2ex.com/t/397038#reply18,这种语法是怎么实现的？,
39,https://www.v2ex.com/t/393440#reply9,flask 局域网中如何设置域名?,
40,https://www.v2ex.com/t/392872#reply2,网页小白求助一个基本的 flask 网页框架,
41,https://www.v2ex.com/t/388508#reply0,一个十分受欢迎的 Python web 框架 flask 的教程，在线编程学习效率奇高。,
42,https://www.v2ex.com/t/385679#reply8,flask url 匹配问题,
43,https://www.v2ex.com/t/385574#reply12,请教一些关于 Flask 应用上下文 的问题,
44,https://www.v2ex.com/t/382773#reply1,flask-admin 做后台，怎么实现 RBAC 功能呢？,
45,https://www.v2ex.com/t/378599#reply7,初学 Flask 有个小问题请教下小伙伴,
46,https://www.v2ex.com/t/376799#reply0,flask 系列教程（ 3）—SQLAlchemy 数据库,
47,https://www.v2ex.com/t/376751#reply0,flask 系列教程（ 2）—Jinja2 模版,
48,https://www.v2ex.com/t/376733#reply0,Flask 系列教程（ 1）—URL 和视图,
49,https://www.v2ex.com/t/375221#reply6,flask+wtforms 发起 post 的时候无报错，又没写入数据库是什么原因？,
50,https://www.v2ex.com/t/374656#reply4,flask + sqlalchemy + wtform 不能保存中文字符,
51,https://www.v2ex.com/t/366237#reply21,flask 应该怎么保护后端 api 接口，为接口增加权限机制？,
52,https://www.v2ex.com/t/363076#reply5,求助，关于 flask 如何对文件进行版本管理,
53,https://www.v2ex.com/t/360934#reply14,Flask 部署， Supervisor 报错怎么解决？求助,
54,https://www.v2ex.com/t/356400#reply24,如何在 flask web 服务器上自动运行一个脚本,
55,https://www.v2ex.com/t/352862#reply4,记录每一次 Request,
56,https://www.v2ex.com/t/352511#reply6,flask 在 windows2012 IIS 下 URL 含中文页面就乱码,
57,https://www.v2ex.com/t/352435#reply1,问一下 Flask 单元测试的问题,
58,https://www.v2ex.com/t/346312#reply7,sqlalchemy 合并 query 实现,
59,https://www.v2ex.com/t/347465#reply1,flask 的 form 文件上传需要注意的问题,
60,https://www.v2ex.com/t/347317#reply2,创建 Flask 项目的时候主注意的细节,
61,https://www.v2ex.com/t/345434#reply1,请教一下 SelectField 这种字段,
62,https://www.v2ex.com/t/343905#reply0,请教一下我这种错误是什么情况导致的,
63,https://www.v2ex.com/t/343282#reply3,请教一下 flask bootstrap 表单提交后如何编辑？,
64,https://www.v2ex.com/t/332105#reply2,flask-wtf onclink=js 函数无法传入变量?,
65,https://www.v2ex.com/t/329479#reply0,flask 使用 bootstrap 模态框如何默认将原先表单的值写入？,
66,https://www.v2ex.com/t/324402#reply2,Flask form 在新增的时候如何更快的新建类实例，有类似 populate_obj 的东西么？,
67,https://www.v2ex.com/t/322643#reply4,get 获得参数的问题,
68,https://www.v2ex.com/t/274600#reply17,请问 Flask-WhooshAlchemy 支持中文检索是有问题吗？,
69,https://www.v2ex.com/t/315986#reply5,nginx 处理 flask 静态文件的问题,
70,https://www.v2ex.com/t/314372#reply14,关于网页打开速度优化的一个问题,
71,https://www.v2ex.com/t/313614#reply3,flask-login 里面的回调函数有什么用处？？,
72,https://www.v2ex.com/t/312329#reply11,为什么 Flask 用 Nginx 反代之后经常无法访问？,
73,https://www.v2ex.com/t/312167#reply2,视图函数 POST 方法重新创建 FlaskForm 内容不清空,
74,https://www.v2ex.com/t/310909#reply11,flask 如何实现类似 V2EX 的发一个图片地址自动变为&lt;img&gt;html 标签的形式？,
75,https://www.v2ex.com/t/304941#reply12,flask 中的 endpoint 的存在的意义是什么？,
76,https://www.v2ex.com/t/307250#reply4,flask jinja2 模版 怎么给 textarea 赋值？,
77,https://www.v2ex.com/t/305945#reply3,flask 看完后不知道怎么下手写个后台？求大神指教,
78,https://www.v2ex.com/t/298821#reply50,flask 开发的正确姿势是什么？,
79,https://www.v2ex.com/t/304605#reply3,Flask 不同文件夹下 model 的 class 名称相同，除了改名还有什么办法？,
80,https://www.v2ex.com/t/304591#reply3,《flask web 开发》使用程序工厂函数没有看懂。,
81,https://www.v2ex.com/t/299531#reply3,存储用户的设置使用表还是 Pickle,
82,https://www.v2ex.com/t/295262#reply12,模板变量传递一直失败 没看出来问题在哪里,
83,https://www.v2ex.com/t/289972#reply4,Flask 的 templates 目录不能自己指定吗？,
84,https://www.v2ex.com/t/288956#reply8,求教： win7 系统下， Flask 操作数据库报错， unable to open database file None None,
85,https://www.v2ex.com/t/262712#reply10,flask 用 gunicorn 的 sync worker 比 gevent 等 async worker 更快？,
86,https://www.v2ex.com/t/288239#reply8,关于 python-flask 的上下文功能 在微信（浏览器）中保存 用户会话 的问题,
87,https://www.v2ex.com/t/265254#reply8,bytes 不能转化成 Json 序列吗,
88,https://www.v2ex.com/t/284251#reply5,下载 csv 文件,
89,https://www.v2ex.com/t/282860#reply15,flask 得到 client 的 local time,
90,https://www.v2ex.com/t/281983#reply10,分享一段 flask 分页代码,
91,https://www.v2ex.com/t/282344#reply0,PickleType 赋值丢失,
92,https://www.v2ex.com/t/282135#reply21,Flask 0.11 发布了，求英文好的解说下主要新特性,
93,https://www.v2ex.com/t/282040#reply2,新手求教 python3 用 flask-sqlalchemy pymysql 连接 mysql,
94,https://www.v2ex.com/t/270563#reply13,是否有真正的大型项目在用 Flask？,
95,https://www.v2ex.com/t/274181#reply1,有没有什么好的搜集 Flask 网站性能指标的方法？,
96,https://www.v2ex.com/t/268601#reply16,Flask 经常无响应了，怎么解决？,
97,https://www.v2ex.com/t/267409#reply10,求助 flask+uwsgi+gevent+nginx 的 uwsgi 配置文件！,
98,https://www.v2ex.com/t/265346#reply6,Flask 中编写含有参数的装饰器，该怎么传递参数？,
99,https://www.v2ex.com/t/262406#reply0,IIS6 下怎么跑 flask？,
100,https://www.v2ex.com/t/258206#reply27,Flask 框架如何直接获取 POST 请求的 JSON 原始数据？,
101,https://www.v2ex.com/t/242635#reply23,使用 Flask 搭建的网站收集,
102,https://www.v2ex.com/t/257065#reply2,Flask 今年要出新版迭代了吗？,
103,https://www.v2ex.com/t/176739#reply9,大家用什么 MongoDB 的 ORM 来配合 Flask,
104,https://www.v2ex.com/t/255033#reply4,请教 ajax 怎么使用 CSRF?,
105,https://www.v2ex.com/t/254447#reply5,flask 使用 sqlalchemy 或者 peewee 这样的 orm 时，每次 request 都要对数据库进行访问吗？,
106,https://www.v2ex.com/t/251949#reply1,如何为当前用户保存一个变量，并可以在不同的 blueprint 之中使用。,
107,https://www.v2ex.com/t/251780#reply3,flask-sqlalchemy 中提示找不到 event？,
108,https://www.v2ex.com/t/251438#reply2,怎么记录当前选择的 sub-blog？,
109,https://www.v2ex.com/t/244900#reply7,virtualenv 安装的 flask ，大家是怎样开机自启动的？,
110,https://www.v2ex.com/t/247908#reply10,终于解决了 gunicorn 运行 flask 的 app 时 session 不正常（变化）的问题,
111,https://www.v2ex.com/t/247155#reply0,Returning the user object in load user function costs too much.,
112,https://www.v2ex.com/t/242692#reply10,关于 Flask 在 Apache 运行的问题，求助！,
113,https://www.v2ex.com/t/242536#reply7,请教 sqlalchemy 一对多模型问题？,
114,https://www.v2ex.com/t/242587#reply10,有没有 Flask 比较好的实践可以推荐的?搜到的很多 demo 都打不开了并且源码也读不了。,
115,https://www.v2ex.com/t/242259#reply4,flask-mail 使用 QQ 企业邮箱异常？,
116,https://www.v2ex.com/t/242051#reply10,安装 Flask 出错,
117,https://www.v2ex.com/t/241352#reply3,flask get 如何获取复杂点的网址啊？,
118,https://www.v2ex.com/t/241257#reply2,Flask 编写博客时 Pages 列表在首页显示怎么处理？,
119,https://www.v2ex.com/t/241204#reply4,flask 如何通过 http 请求下载一个文件,
120,https://www.v2ex.com/t/240459#reply6,如何实现类似 twitter 的 follow 和 unfollow button,
121,https://www.v2ex.com/t/187367#reply31,flask 框架有什么入门的书推荐嘛 qwq,
122,https://www.v2ex.com/t/238187#reply16,flask 加载模块问题,
123,https://www.v2ex.com/t/238400#reply11,如何做搜索结果的 pagination?,
124,https://www.v2ex.com/t/237510#reply12,POST 消息到后台一直提示 400 BAD request,
125,https://www.v2ex.com/t/230821#reply8,有库可以帮助记录用户操作吗,
126,https://www.v2ex.com/t/234124#reply4,request.form 为空的错误。,
127,https://www.v2ex.com/t/233537#reply2,flask url_for 的问题,
128,https://www.v2ex.com/t/232398#reply0,用 click 做的 flask project 生成工具 mana！,
129,https://www.v2ex.com/t/230360#reply7,flash 重复出现的问题,
130,https://www.v2ex.com/t/226764#reply41,就问下你们写 python 的有没有成功部署过 flask,
131,https://www.v2ex.com/t/223811#reply1,flask admin 如何让 sqlalchemy 模型“挂”到两（多）个模型？,
132,https://www.v2ex.com/t/220938#reply9,flask 集成 ckeditor 编辑器,
133,https://www.v2ex.com/t/220060#reply7,请教大家一个问题，为什么我 flask 代码换了一台电脑之后无法运行。,
134,https://www.v2ex.com/t/217967#reply8,如何使 token 在使用一次之后失效,
135,https://www.v2ex.com/t/213928#reply1,如何跳过 httpauth,
136,https://www.v2ex.com/t/213642#reply0,SQLAlchemy hybrid extension,
137,https://www.v2ex.com/t/213554#reply8,关于使用 RESTful 接口的前端表单的 csrf 保护机制，如何给表单加上 csrf token？,
138,https://www.v2ex.com/t/213198#reply10,关于 flask 中输出中文 unicode,
139,https://www.v2ex.com/t/213201#reply2,Flask(__name__)这个参数到底起了什么作用？,
140,https://www.v2ex.com/t/209722#reply4,Flask templates,
141,https://www.v2ex.com/t/205738#reply8,flaks 如何实现文本框输入时同时进行查询,
142,https://www.v2ex.com/t/205885#reply4,关于使用 Nginx、Gunicorn 和 Supervisor 部署 Flask 的一个疑问~~,
143,https://www.v2ex.com/t/203656#reply1,flask-restfull 好用吗？个人觉得太古版了，不好用？大家用 flask 做一些相对大的项目是会使用上 flask-restful 吗？,
144,https://www.v2ex.com/t/194181#reply9,初学 Flask，如果不想把所有的 app route 写在一个文件里面，应该怎么做？,
145,https://www.v2ex.com/t/201866#reply6,flask 如何获取 post 对象的,
146,https://www.v2ex.com/t/177145#reply8,请教使用 Flask-OAuthlib 申请饭否 OAuth 认证，但是不返回 Access token 的问题,
147,https://www.v2ex.com/t/201302#reply2,Flask+Oracle 应用部署在 nginx 或 Apache 下乱码问题，求解,
148,https://www.v2ex.com/t/188133#reply12,flask.ext.script 建立的 manager 要怎么设定才能让外网访问呢？,
149,https://www.v2ex.com/t/195920#reply8,flask 奇怪问题,
150,https://www.v2ex.com/t/185321#reply10,Apache + Flask + mod_wsgi＋阿里云 更改 python 代码后不能立即生效,
151,https://www.v2ex.com/t/191555#reply2,flask 模板中的 {{ wtf.quick_form(form) }} 怎么用来上传文件呢?,
152,https://www.v2ex.com/t/190593#reply0,如何用 flask-whooshalchemy 做中文检索？,
153,https://www.v2ex.com/t/189365#reply10,厚着脸皮问下：谁有油管上的 discoverflask 视频教程？,
154,https://www.v2ex.com/t/189087#reply12,大家使用 SQLAlchemy 还是 Peewee？,
155,https://www.v2ex.com/t/171005#reply0,有没有基于 flask 和 mongodb 的开源 CMS 可以用来做图片站,
156,https://www.v2ex.com/t/162699#reply1,问个 Flask-Admin 的问题,
157,https://www.v2ex.com/t/159439#reply5,Flask 请教一个关于 url_for('static')的问题,
158,https://www.v2ex.com/t/158586#reply11,［求教高人］在 Digital Ocean 上部署了第一个 flask 应用，但浏览器访问后报 500 错误,
159,https://www.v2ex.com/t/149730#reply3,用 Flask-login 来作登陆处理,
160,https://www.v2ex.com/t/143914#reply5,请问 flask 在 return template_render()时如何让他在新窗口打开啊？,
161,https://www.v2ex.com/t/136004#reply2,flask apache2 怎么配置啊？,
162,https://www.v2ex.com/t/134530#reply5,Flask 与 项目内其他 SQLalchemy 如何共用 Models 文件？,
163,https://www.v2ex.com/t/124913#reply4,Flask-SQLAlchemy or SQLAlchemy？大家怎样选择的？为什么？,
164,https://www.v2ex.com/t/127410#reply2,是教程本身写错了还是版本问题？,
165,https://www.v2ex.com/t/85476#reply37,终于找到最适合我的框架啦，面带微笑写代码的感觉真好,
166,https://www.v2ex.com/t/97945#reply2,Flask-Security的自带模板如何中文化?,
167,https://www.v2ex.com/t/81893#reply3,关于Flask-Security这个插件,
168,https://www.v2ex.com/t/82927#reply0,flask.ext.mongoengine 和 WTForms 结合的问题！求教！,
169,https://www.v2ex.com/t/76326#reply0,一个使用 Flask 和 MongoDB 搭建的 CMS 项目,
170,https://www.v2ex.com/t/69615#reply1,Flask(这个参数)是干嘛用的？,
171,https://www.v2ex.com/t/74942#reply10,写的一个小网站部署到服务器上面，结果session很不稳定，登录后，多刷新几次，一会儿显示登录，一会儿就没有登录状态，这是什么情况呢？,
172,https://www.v2ex.com/t/73552#reply2,想把带Html的变量（带有&lt;ul&gt;&lt;li&gt;a&lt;/li&gt;&lt;li&gt;b&lt;/li&gt;&lt;/ul&gt;）输出到模板里面，结果居然不能显示带点的，而是照样子输出这些角标，应该怎么处理呢？感觉好像应该用escape，但是这个词理解起来好抽象，逃跑？,
173,https://www.v2ex.com/t/72295#reply18,Flask 0.10已经发布了,
174,https://www.v2ex.com/t/50626#reply6,flask-security,
175,https://www.v2ex.com/t/28701#reply25,有没有用 Flask 做的比较大的开源项目？,
176,https://www.v2ex.com/t/63022#reply3,如何安排需要从根目录访问的静态文件？如robots.txt,
177,https://www.v2ex.com/t/62435#reply4,大家都是怎么部署Flask应用的？,
178,https://www.v2ex.com/t/57944#reply8,我收藏的一些Flask入门中文资料,
179,https://www.v2ex.com/t/58136#reply3,flask中如何实现支持template传参的redirect.,
180,https://www.v2ex.com/t/49046#reply15,小内存VPS如何跑Cache比较好？,
181,https://www.v2ex.com/t/45889#reply1,关于 blueprints 的困扰,
182,https://www.v2ex.com/t/43032#reply1,看Flask教程关于Pluggable Views的问题,
183,https://www.v2ex.com/t/41622#reply2,Flask中,
184,https://www.v2ex.com/t/34495#reply0,谁有flask的cas客户端插件,
185,https://www.v2ex.com/t/32901#reply1,官方教程p29#unable to open database file的问题,
186,https://www.v2ex.com/t/28725#reply0,Frictionless Web Development with Flask,
187,https://www.v2ex.com/t/24411#reply0,一个用 Flask 写的实时日志察看器,
