"id";"link";"title";"DE"
1;"https://www.ctolib.com/jorgebucaran-fisher.html";"Fisher 是一个用于 fish shell 的包管理器";"用于管理多个shell配置的工具。"
2;"https://www.ctolib.com/joelgriffith-browserless.html"" data-toggle=""tooltip"" data-placement=""bottom"" data-html=""true"" title="""" data-original-title=""将Severless Chrome做为一个服务放到docker中";"将Severless Chrome做为一个服务放到docker中";"用于管理多个shell配置的工具。"
3;"https://www.ctolib.com/rainglow-vscode.html"" data-toggle=""tooltip"" data-placement=""bottom"" data-html=""true"" title="""" data-original-title=""Rainglow：用于Visual Studio Code的80+语法和UI主题";"Rainglow：用于Visual Studio Code的80+语法和UI主题";"用于管理多个shell配置的工具。"
4;"https://www.ctolib.com/zgen.html";"zgen是ZSH的轻量级和简单的插件管理器";"用于管理多个shell配置的工具。"
5;"https://www.ctolib.com/Yggdroot-LeaderF.html"" data-toggle=""tooltip"" data-placement=""bottom"" data-html=""true"" title="""" data-original-title=""LeaderF - 超级好用的VIM全局搜索插件";"LeaderF - 超级好用的VIM全局搜索插件";"用于管理多个shell配置的工具。"
6;"https://www.ctolib.com/corbindavenport-creative-cloud-linux.html"" data-toggle=""tooltip"" data-placement=""bottom"" data-html=""true"" title="""" data-original-title=""这是Adobe Creative Cloud的安装脚本，旨在与PlayOnLinux一起使用。 它会从Adobe的网站下载并安装Creative Cloud软件。 安装完成后，您可以使用Adobe Application Manager下载并安装Photoshop，Dreamweaver，Illustrator和其他应用程序。";"这是Adobe Creative Cloud的安装脚本，旨在与PlayOnLinux一起使用";"用于管理多个shell配置的工具。"
7;"https://www.ctolib.com/askme765cs-Wine-QQ.html";"提供在Linux上运行最新版腾讯QQ的安装文件和解决方案";"用于管理多个shell配置的工具。"
8;"https://www.ctolib.com/basher.html";"basher - shell脚本的包管理器";"用于管理多个shell配置的工具。"
9;"https://www.ctolib.com/log-so-handy.html"" data-toggle=""tooltip"" data-placement=""bottom"" data-html=""true"" title="""" data-original-title=""log-so-handy：一个方便的工具，轻松地浏览你的git日志";"log-so-handy：一个方便的工具，轻松地浏览你的git日志";"用于管理多个shell配置的工具。"
10;"https://www.ctolib.com/mesalock-linux-mesalock-distro.html"" data-toggle=""tooltip"" data-placement=""bottom"" data-html=""true"" title="""" data-original-title=""MesaLock Linux: 一个内存安全的Linux发行版";"MesaLock Linux: 一个内存安全的Linux发行版";"用于管理多个shell配置的工具。"
11;"https://www.ctolib.com/maddox-actions.html"" data-toggle=""tooltip"" data-placement=""bottom"" data-html=""true"" title="""" data-original-title=""一组实用的 GitHub Actions 集合";"一组实用的 GitHub Actions 集合";"用于管理多个shell配置的工具。"
12;"https://www.ctolib.com/thedevdojo-larasail.html"" data-toggle=""tooltip"" data-placement=""bottom"" data-html=""true"" title="""" data-original-title=""LaraSail 一个用于Laravel的CLI工具，可帮助您启动数字海洋服务器";"LaraSail 一个用于Laravel的CLI工具，可帮助您启动数字海洋服务器";"用于管理多个shell配置的工具。"
13;"https://www.ctolib.com/Focus-Points.html"" data-toggle=""tooltip"" data-placement=""bottom"" data-html=""true"" title="""" data-original-title=""Lightroom（Mac上）的插件，用于显示拍摄照片时，哪个对焦点处于活动状态";"Lightroom（Mac上）的插件，用于显示拍摄照片时，哪个对焦点处于活动状态";"用于管理多个shell配置的工具。"
14;"https://www.ctolib.com/ajmwagar-vim-dues.html"" data-toggle=""tooltip"" data-placement=""bottom"" data-html=""true"" title="""" data-original-title=""vim-dues 一个为深夜编码更好的Vim配色方案";"vim-dues 一个为深夜编码更好的Vim配色方案";"用于管理多个shell配置的工具。"
15;"https://www.ctolib.com/zsh-users-antigen.html"" data-toggle=""tooltip"" data-placement=""bottom"" data-html=""true"" title="""" data-original-title=""Antigen是shell（zsh）插件的管理器";"Antigen是shell（zsh）插件的管理器";"用于管理多个shell配置的工具。"
16;"https://www.ctolib.com/jez-git-heatmap.html"" data-toggle=""tooltip"" data-placement=""bottom"" data-html=""true"" title="""" data-original-title=""git-heatmap：显示经过编辑的文件热图";"git-heatmap：显示经过编辑的文件热图";"用于管理多个shell配置的工具。"
17;"https://www.ctolib.com/ValdikSS-windows2usb.html";"Windows2usb - 在Linux上将Windows ISO刻录到USB闪存驱动器";"用于管理多个shell配置的工具。"
18;"https://www.ctolib.com/dotfiler.html";"dotfiler – Shell无关基于git的dotfiles包管理器";"用于管理多个shell配置的工具。"
19;"https://www.ctolib.com/CrazyDiskInfo.html"" data-toggle=""tooltip"" data-placement=""bottom"" data-html=""true"" title="""" data-original-title=""CrazyDiskInfo用于Unix系统的交互式TUI S.M.A.R.T查看器";"CrazyDiskInfo用于Unix系统的交互式TUI S.M.A.R.T查看器";"用于管理多个shell配置的工具。"
20;"https://www.ctolib.com/vcsh.html";"vcsh - 基于Git的配置管理器";"用于管理多个shell配置的工具。"
21;"https://www.ctolib.com/homeshick.html";"homeshick - 采用bash编写的git dotfiles同步器";"用于管理多个shell配置的工具。"
22;"https://www.ctolib.com/weeezes-plot.html"" data-toggle=""tooltip"" data-placement=""bottom"" data-html=""true"" title="""" data-original-title=""Plot - 简易的终端绘图工具";"Plot - 简易的终端绘图工具";"用于管理多个shell配置的工具。"
23;"https://www.ctolib.com/iamrootsh3ll-odio.html";"一个简单的实用程序，只使用Clipboard/ PasteBoard从Youtube下载Music (.m4a)";"用于管理多个shell配置的工具。"
24;"https://www.ctolib.com/msdx-rank-github-china.html"" data-toggle=""tooltip"" data-placement=""bottom"" data-html=""true"" title="""" data-original-title=""RankGithubChina 是我呕心沥血精心打造的一个巅峰之作。它可以很厉害地对中国区的 Github 用户按照被关注的数量进行排名，并显示前 1000 名的用户。";"Github 中国区排名";"用于管理多个shell配置的工具。"
25;"https://www.ctolib.com/zulu.html";" Zulu是ZSH的环境管理器";"用于管理多个shell配置的工具。"
26;"https://www.ctolib.com/zoppo.html";"zoppo - Zsh的crippled配置框架";"用于管理多个shell配置的工具。"
27;"https://www.ctolib.com/arukas-port-tool.html";"获取 Arukas Docker 的容器的映射端口";"用于管理多个shell配置的工具。"
28;"https://www.ctolib.com/chenlin1-git.html"" data-toggle=""tooltip"" data-placement=""bottom"" data-html=""true"" title="""" data-original-title=""git操作笔记和总结";"git操作笔记和总结";"用于管理多个shell配置的工具。"
29;"https://www.ctolib.com/hornbill_proxy.html";"内网开发环境域名代理服务";"用于管理多个shell配置的工具。"
30;"https://www.ctolib.com/zsh-autosuggestions.html";"zsh-autosuggestions为zsh提供类似于Fish的搜索建议";"用于编写，改进或组织Bash或其他shell脚本的工具"
31;"https://www.ctolib.com/tldr-pages-tldr.html"" data-toggle=""tooltip"" data-placement=""bottom"" data-html=""true"" title="""" data-original-title=""tldr：简化和社区驱动的Linux命令行手册页(man)";"tldr：简化和社区驱动的Linux命令行手册页(man)";"用于编写，改进或组织Bash或其他shell脚本的工具"
32;"https://www.ctolib.com/koalaman-shellcheck.html"" data-toggle=""tooltip"" data-placement=""bottom"" data-html=""true"" title="""" data-original-title=""ShellCheck是一个shell脚本的静态分析工具";"ShellCheck是一个shell脚本的静态分析工具";"用于编写，改进或组织Bash或其他shell脚本的工具"
33;"https://www.ctolib.com/black-screen.html"" data-toggle=""tooltip"" data-placement=""bottom"" data-html=""true"" title="""" data-original-title=""Black Screen 是终端世界中的一个IDE。 严格地说，它既是终端仿真器，也是基于Electron的交互式shell。";"Black Screen 是终端世界中的一个IDE";"用于编写，改进或组织Bash或其他shell脚本的工具"
34;"https://www.ctolib.com/sharkdp-shell-functools.html"" data-toggle=""tooltip"" data-placement=""bottom"" data-html=""true"" title="""" data-original-title=""shell的函数式编程工具";"shell的函数式编程工具";"用于编写，改进或组织Bash或其他shell脚本的工具"
35;"https://www.ctolib.com/jcsalterego-historian.html";"命令行工具类用于在一个SQLite数据库中管理shell历史";"用于编写，改进或组织Bash或其他shell脚本的工具"
36;"https://www.ctolib.com/bashful.html";"bashful - 一组模块集合用于简化编写bash脚本";"用于编写，改进或组织Bash或其他shell脚本的工具"
37;"https://www.ctolib.com/assert-sh.html";"assert.sh - Bash单元测试框架";"用于编写，改进或组织Bash或其他shell脚本的工具"
38;"https://www.ctolib.com/minpac.html";"minpac: Vim 8的最小包管理器";"用于编写，改进或组织Bash或其他shell脚本的工具"
39;"https://www.ctolib.com/reruns.html";"rerun - 模块化的shell脚本自动化框架来组织你的scripts ";"用于编写，改进或组织Bash或其他shell脚本的工具"
40;"https://www.ctolib.com/shpec.html"" data-toggle=""tooltip"" data-placement=""bottom"" data-html=""true"" title="""" data-original-title=""shpec -  一个shell测试框架";"shpec -  一个shell测试框架";"用于编写，改进或组织Bash或其他shell脚本的工具"
41;"https://www.ctolib.com/craft-scripts.html";"用来管理Craft CMS环境之间的权限，资产同步和数据库同步的Shell脚本";"用于编写，改进或组织Bash或其他shell脚本的工具"
42;"https://www.ctolib.com/oh-my-fish.html";"Fishshell 框架.";"用于编写，改进或组织Bash或其他shell脚本的工具"
43;"https://www.ctolib.com/mo.html";"mo - 用纯bash实现的Mustache 模板";"用于编写，改进或组织Bash或其他shell脚本的工具"
44;"https://www.ctolib.com/composure.html";"composure - 撰写、文档、版本和组织您的shell函数";"用于编写，改进或组织Bash或其他shell脚本的工具"
45;"https://www.ctolib.com/fishtape.html";"Fishtape -  fish的TAP生产测试运行器 ";"用于编写，改进或组织Bash或其他shell脚本的工具"
46;"https://www.ctolib.com/zsh-quickstart-kit.html";"使用zsh和zgen的简单zsh快速启动";"用于编写，改进或组织Bash或其他shell脚本的工具"
47;"https://www.ctolib.com/bats.html";"bats - Bash 自动化测试系统";"用于编写，改进或组织Bash或其他shell脚本的工具"
48;"https://www.ctolib.com/semver_bash.html";"semver_bash - Bash中的版本控制";"用于编写，改进或组织Bash或其他shell脚本的工具"
49;"https://www.ctolib.com/joereynolds-SQHell-vim.html";"SQHell.vim 一个vim的SQL封装器";"用于编写，改进或组织Bash或其他shell脚本的工具"
50;"https://www.ctolib.com/Keats-rust-cli-template.html";"上手编写跨平台CLI应用程序的模板";"用于编写，改进或组织Bash或其他shell脚本的工具"
51;"https://www.ctolib.com/optparsea.html";"optparse - BASH的简单命令行参数解析器 ";"用于编写，改进或组织Bash或其他shell脚本的工具"
52;"https://www.ctolib.com/rlue-vim-getting-things-down.html"" data-toggle=""tooltip"" data-placement=""bottom"" data-html=""true"" title="""" data-original-title=""vim的组织和任务管理插件";"vim的组织和任务管理插件";"用于编写，改进或组织Bash或其他shell脚本的工具"
53;"https://www.ctolib.com/shundle.html"" data-toggle=""tooltip"" data-placement=""bottom"" data-html=""true"" title="""" data-original-title=""shundle - shell 脚本的插件管理器";"shundle - shell 脚本的插件管理器";"用于编写，改进或组织Bash或其他shell脚本的工具"
54;"https://www.ctolib.com/is-sh.html";"is.sh - 内置测试命令的一个花俏替代";"用于编写，改进或组织Bash或其他shell脚本的工具"
55;"https://www.ctolib.com/zunit.html";"ZUnit是ZSH的一个强大单元测试框架";"用于编写，改进或组织Bash或其他shell脚本的工具"
56;"https://www.ctolib.com/bashmanager.html";"bashmanager - 迷你bash框架用于创建命令行工具";"用于编写，改进或组织Bash或其他shell脚本的工具"
57;"https://www.ctolib.com/bash-assert.html";"bash-assert 一个轻量级的bash单元测试框架";"用于编写，改进或组织Bash或其他shell脚本的工具"
58;"https://www.ctolib.com/ts.html";"ts - 一个shell测试脚本";"用于编写，改进或组织Bash或其他shell脚本的工具"
59;"https://www.ctolib.com/alexanderepstein-bsupdate.html";"实现bash应用/ CLI自动更新的bash脚本";"用于编写，改进或组织Bash或其他shell脚本的工具"
60;"https://www.ctolib.com/rebash.html";"ReBash - bash脚本库/框架";"用于编写，改进或组织Bash或其他shell脚本的工具"
61;"https://www.ctolib.com/nginx-dpkg-build.html";"nginx-dpkg-build：此脚本简化了Debian和Ubuntu系统自定义构建NGINX Web服务器";"用于编写，改进或组织Bash或其他shell脚本的工具"
62;"https://www.ctolib.com/sh-semver.html";"sh-semver - Bash实现语义版本控制";"用于编写，改进或组织Bash或其他shell脚本的工具"
63;"https://www.ctolib.com/zhusas-rails-environment.html";"在Ubuntu服务器上安装Rails生产环境的脚本";"用于编写，改进或组织Bash或其他shell脚本的工具"
64;"https://www.ctolib.com/hhxsv5-secondtimer.html";"通过while和sleep实现简单的秒级定时器，弥补crontab的不足";"用于编写，改进或组织Bash或其他shell脚本的工具"
65;"https://www.ctolib.com/manifest.html";"使用repo管理github项目例子";"用于编写，改进或组织Bash或其他shell脚本的工具"
66;"https://www.ctolib.com/doncc-VideoConversionTool.html";"VideoConversionTool 基于FFmpeg的视频转换小工具";"用于编写，改进或组织Bash或其他shell脚本的工具"
67;"https://www.ctolib.com/xiaoxq-codiad-docker.html";"Codiad 是一款基于 Web 的 IDE";"用于编写，改进或组织Bash或其他shell脚本的工具"
68;"https://www.ctolib.com/Dropbox-Uploader.html";"Dropbox Uploader一个Bash脚本可用于上传、下载、取出或删除来自Dropbox的文件";"用shell脚本编写自托管，轻量级的服务器和网络工具。"
69;"https://www.ctolib.com/ngincat.html";"ngincat - 使用netcat的微型bash HTTP服务器";"用shell脚本编写自托管，轻量级的服务器和网络工具。"
70;"https://www.ctolib.com/do-sshuttle.html";"使用DigitalOcean Droplet通过sshuttle透明代理";"用shell脚本编写自托管，轻量级的服务器和网络工具。"
71;"https://www.ctolib.com/prezto.html";"Prezto — Zsh的配置框架";"其它未归类"
72;"https://www.ctolib.com/SpaceVim.html";"类似于spacemacs但用于vim.";"其它未归类"
73;"https://www.ctolib.com/Nyr-openvpn-install.html";"用于Debian, Ubuntu和CentOS系统的OpenVPN road warrior安装包";"其它未归类"
74;"https://www.ctolib.com/boot2docker-boot2docker.html";"Boot2Docker是专门为运行Docker容器而制作的轻量级Linux发行版";"其它未归类"
75;"https://www.ctolib.com/dutchcoders-transfer-sh.html";"transfer.sh - 从命令行轻松快速地分享文件";"其它未归类"
76;"https://www.ctolib.com/terminals-are-sexy.html"" data-toggle=""tooltip"" data-placement=""bottom"" data-html=""true"" title="""" data-original-title=""?针对CLI爱好者的终端框架，插件和资源汇总列表";"?针对CLI爱好者的终端框架，插件和资源汇总列表";"其它未归类"
77;"https://www.ctolib.com/apple-darwin-xnu.html";"XNU kernel  苹果开源的iOS内核源码";"其它未归类"
78;"https://www.ctolib.com/trimstray-the-book-of-secret-knowledge.html"" data-toggle=""tooltip"" data-placement=""bottom"" data-html=""true"" title="""" data-original-title=""一份收集了适用于 SysOps，DevOps，Pentesters 和安全研究人员的手册、博客、命令、CLI / Web工具等学习资料";"一份收集了与运维相关的手册、博客、命令、CLI / Web工具等学习资料";"其它未归类"
79;"https://www.ctolib.com/ale.html"" data-toggle=""tooltip"" data-placement=""bottom"" data-html=""true"" title="""" data-original-title=""Asynchronous Lint Engine，一个插件用于在NeoVim和Vim 8中编辑文本文件时提供linting功能";"Asynchronous Lint Engine，一个插件用于在NeoVim和Vim 8中编辑文本文件时提供linting功能";"其它未归类"
80;"https://www.ctolib.com/zsh-syntax-highlighting.html";"为Zsh提供类似于Fish shell的语法高亮";"其它未归类"
81;"https://www.ctolib.com/denysdovhan-spaceship-zsh-theme.html"" data-toggle=""tooltip"" data-placement=""bottom"" data-html=""true"" title="""" data-original-title=""一个简约，功能强大且极其可定制的“Oh My ZSH!””主题。 它结合了您可能需要的一切方便的工作，没有不必要的复杂化，像一个真正的太空飞船。";"? Spaceship ZSH 一个简约，功能强大且极其可定制的“Oh My ZSH!””主题";"其它未归类"
82;"https://www.ctolib.com/valentinxxx-nginxconfig-io.html"" data-toggle=""tooltip"" data-placement=""bottom"" data-html=""true"" title="""" data-original-title=""一个在线nginx配置生成器";"一个在线nginx配置生成器";"其它未归类"
83;"https://www.ctolib.com/kitty.html"" data-toggle=""tooltip"" data-placement=""bottom"" data-html=""true"" title="""" data-original-title=""Kitty一个现代的，可控制的，功能强大的，基于OpenGL的终端仿真器";"Kitty一个现代的，可控制的，功能强大的，基于OpenGL的终端仿真器";"其它未归类"
84;"https://www.ctolib.com/sameersbn-docker-gitlab.html";"一个Docker版本的GitLab";"其它未归类"
85;"https://www.ctolib.com/awesome-zsh-plugins.html";"ZSH框架、插件和主题集合";"其它未归类"
86;"https://www.ctolib.com/neofetch.html";"Neofetch 是一个跨平台的易于使用的系统信息显示命令行脚本";"其它未归类"
87;"https://www.ctolib.com/trimstray-test-your-sysadmin-skills.html"" data-toggle=""tooltip"" data-placement=""bottom"" data-html=""true"" title="""" data-original-title=""《Linux 系统管理的面试题》这个仓库收集了200多道服务器管理的面试题，涉及的面很广，着重考察基础知识。";"* nix系统管理员测试问答和面试/考试答案（2018年版）的集合";"其它未归类"
88;"https://www.ctolib.com/linuxkit-linuxkit.html";"LinuxKit：构建安全，精简和便携式Linux子系统的工具包";"其它未归类"
89;"https://www.ctolib.com/rancher-os.html";"RancherOS 将整个操作系统作为Docker容器运行的Tiny Linux发行版";"其它未归类"
90;"https://www.ctolib.com/nodejs-docker-node.html"" data-toggle=""tooltip"" data-placement=""bottom"" data-html=""true"" title="""" data-original-title=""Node.js的官方Docker镜像";"Node.js的官方Docker镜像";"其它未归类"
91;"https://www.ctolib.com/oguzhaninan-Stacer.html"" data-toggle=""tooltip"" data-placement=""bottom"" data-html=""true"" title="""" data-original-title=""Stacer: Linux系统优化和监控";"Stacer: Linux系统优化和监控";"其它未归类"
92;"https://www.ctolib.com/rootsongjc-kubernetes-handbook.html";"Kubernetes中文指南/实践手册";"其它未归类"
93;"https://www.ctolib.com/vim-galore-zh_cn.html";"vim-galore 中文翻译";"其它未归类"
94;"https://www.ctolib.com/fisherman.html";"fisherman 是 fish 的插件管理器";"其它未归类"
95;"https://www.ctolib.com/agarrharr-awesome-cli-apps.html"" data-toggle=""tooltip"" data-placement=""bottom"" data-html=""true"" title="""" data-original-title=""? ? ? ?实用命令行应用分类汇总";"? ? ? ?实用命令行应用分类汇总";"其它未归类"
96;"https://www.ctolib.com/phith0n-vulhub.html";"使用docker-compose进行漏洞测试/环境一键搭建";"其它未归类"
97;"https://www.ctolib.com/linux-command.html";"Linux命令大全，内容包含Linux命令手册、详解、学习、搜集。";"其它未归类"
98;"https://www.ctolib.com/speed47-spectre-meltdown-checker.html";"用于Linux的Spectre＆Meltdown漏洞检查器";"其它未归类"
99;"https://www.ctolib.com/screenFetch.html";"在终端中获取Linux桌面屏幕截图的系统/主题信息";"其它未归类"
100;"https://www.ctolib.com/veggiemonk-awesome-docker.html";"Awesome Docker：?Docker相关资源和项目集合";"其它未归类"
101;"https://www.ctolib.com/BurntSushi-ripgrep.html";"RipGrep 一款命令行下最快的文本搜索神器 ";"其它未归类"
102;"https://www.ctolib.com/yeasy-docker_practice.html"" data-toggle=""tooltip"" data-placement=""bottom"" data-html=""true"" title="""" data-original-title=""通过真正的DevOps实践学习和理解Docker技术！";"Docker — 从入门到实践";"其它未归类"
103;"https://www.ctolib.com/scrooloose-nerdtree.html"" data-toggle=""tooltip"" data-placement=""bottom"" data-html=""true"" title="""" data-original-title=""NERDTree是Vim编辑器的树形文件系统浏览器。 使用此插件，用户可以直观地浏览复杂的目录层次结构，快速打开文件进行读取或编辑，并执行基本的文件系统操作。";"NERDTree是Vim编辑器的树形文件系统浏览器";"其它未归类"
104;"https://www.ctolib.com/sharkdp-bat.html"" data-toggle=""tooltip"" data-placement=""bottom"" data-html=""true"" title="""" data-original-title=""一个带有语法高亮和Git集成的cat(1)克隆";"一个带有语法高亮和Git集成的cat(1)克隆";"其它未归类"
105;"https://www.ctolib.com/pcottle-learnGitBranching.html"" data-toggle=""tooltip"" data-placement=""bottom"" data-html=""true"" title="""" data-original-title=""LearnGitBranching是一个git存储库可视化工具，沙箱，以及一系列学习教程和挑战。 它的主要目的是帮助开发人员通过可视化的强大功能来理解git。";"LearnGitBranching - 一个用Git交互可视化教学的项目";"其它未归类"
106;"https://www.ctolib.com/Neilpang-acme-sh.html";"acme.sh 实现了 acme 协议, 可以从 letsencrypt 生成免费的证书";"其它未归类"
107;"https://www.ctolib.com/oni.html"" data-toggle=""tooltip"" data-placement=""bottom"" data-html=""true"" title="""" data-original-title=""NeoVim前端UI专注于类似IDE的可扩展性";"Neovim + JavaScript驱动的IDE";"其它未归类"
108;"https://www.ctolib.com/lupoDharkael-flameshot.html"" data-toggle=""tooltip"" data-placement=""bottom"" data-html=""true"" title="""" data-original-title=""Flameshot 强大但简单易用的GNU / Linux屏幕截图软件";"Flameshot 强大但简单易用的GNU / Linux屏幕截图软件";"其它未归类"
109;"https://www.ctolib.com/space-vim.html";"space-vim：终极 vim 配置";"其它未归类"
110;"https://www.ctolib.com/feiskyer-kubernetes-handbook.html";"Kubernetes指南";"其它未归类"
111;"https://www.ctolib.com/bitnami-minideb.html";"Minideb – 一个基于Debian设计在容器中使用的很小镜像";"其它未归类"
112;"https://www.ctolib.com/frenck-awesome-home-assistant.html";"精选家庭助理(Home Assistant)资源的精选列表";"其它未归类"
113;"https://www.ctolib.com/frenck-awesome-home-assistant.html";"精选家庭助理(Home Assistant)资源的精选列表";"其它未归类"
114;"https://www.ctolib.com/openwrt-ssr.html";" shadowsocksr-libev 在 OpenWrt 上的移植";"其它未归类"
115;"https://www.ctolib.com/ceph-ceph-container.html";"ceph-container：在容器运行 Ceph 的Docker文件和镜像";"其它未归类"
116;"https://www.ctolib.com/evil.html"" data-toggle=""tooltip"" data-placement=""bottom"" data-html=""true"" title="""" data-original-title=""Evil是Emacs的可扩展vi层";"Evil是Emacs的可扩展vi层";"其它未归类"
117;"https://www.ctolib.com/fcwu-docker-ubuntu-vnc-desktop.html"" data-toggle=""tooltip"" data-placement=""bottom"" data-html=""true"" title="""" data-original-title=""Docker镜像提供通过HTML5 VNC接口来访问远程Ubuntu 16.04 LXDE桌面环境";"Docker镜像提供通过HTML5 VNC接口来访问远程Ubuntu 16.04 LXDE桌面环境";"其它未归类"
118;"https://www.ctolib.com/awesome-fish.html";"fish-shell相关的工具、提示和其它很酷的东西集合";"其它未归类"
119;"https://www.ctolib.com/oil.html";"Oil是一个新的Unix shell";"其它未归类"
120;"https://www.ctolib.com/popup-openvpn.html";"在15分钟内创建自托管的OpenVPN服务器";"其它未归类"
121;"https://www.ctolib.com/wtsxDev-Raspberry-Pi.html";"树莓派全面指南 Raspberry Pi A to Z List";"其它未归类"
122;"https://www.ctolib.com/komorebi.html"" data-toggle=""tooltip"" data-placement=""bottom"" data-html=""true"" title="""" data-original-title=""Komorebi -漂亮，可定制的Linux 壁纸管理器";"Komorebi -漂亮，可定制的Linux 壁纸管理器";"其它未归类"
123;"https://www.ctolib.com/kubeapps-kubeapps.html"" data-toggle=""tooltip"" data-placement=""bottom"" data-html=""true"" title="""" data-original-title=""Kubeapps 一个基于Web的UI，用于在Kubernetes集群中部署和管理应用程序";"Kubeapps 一个基于Web的UI，用于在Kubernetes集群中部署和管理应用程序";"其它未归类"
124;"https://www.ctolib.com/ffscreencast.html"" data-toggle=""tooltip"" data-placement=""bottom"" data-html=""true"" title="""" data-original-title=""Ffscreencast – 基于cli的截屏(OS X, Linux, BSD)";"Ffscreencast – 基于cli的截屏(OS X, Linux, BSD)";"其它未归类"
125;"https://www.ctolib.com/libretro-Lakka.html";"Lakka是轻量级Linux发行，它将一台小小的计算机转化为完整的游戏机";"其它未归类"
126;"https://www.ctolib.com/emacs-document.html";"emacs相关中文参考文档";"其它未归类"
127;"https://www.ctolib.com/Benjamin-Dobell-nvidia-update.html";"在macOS上安装nVidia驱动程序的最简单的方法";"其它未归类"
128;"https://www.ctolib.com/Cyclenerd-ethereum_nvidia_miner.html"" data-toggle=""tooltip"" data-placement=""bottom"" data-html=""true"" title="""" data-original-title=""? USB闪存驱动器ISO镜像用于使用NVIDIA显卡和Ubuntu GNU / Linux进行Etherey采矿";"? USB闪存驱动器ISO镜像用于使用NVIDIA显卡和Ubuntu GNU / Linux进行Etherey采矿";"其它未归类"
129;"https://www.ctolib.com/cmdchallenge.html";"一行bash命令集合的仓库";"其它未归类"
130;"https://www.ctolib.com/doubi.html";" ShadowsocksR 一键安装/管理脚本，支持单端口/多端口切换和管理";"其它未归类"
131;"https://www.ctolib.com/greymd-tmux-xpanes.html"" data-toggle=""tooltip"" data-placement=""bottom"" data-html=""true"" title="""" data-original-title=""基于tmux的神奇terminal自动分屏工具";"基于tmux的神奇terminal自动分屏工具";"其它未归类"
132;"https://www.ctolib.com/wal.html"" data-toggle=""tooltip"" data-placement=""bottom"" data-html=""true"" title="""" data-original-title=""wal - 用于快速生成和改变终端的颜色主题";"wal - 用于快速生成和改变终端的颜色主题";"其它未归类"
133;"https://www.ctolib.com/fanglingsu-vimb.html";"Vimb是一款类似Vim的Web浏览器";"其它未归类"
134;"https://www.ctolib.com/vedetta-com-caesonia.html"" data-toggle=""tooltip"" data-placement=""bottom"" data-html=""true"" title="""" data-original-title=""OpenBSD Email Service";"OpenBSD Email Service";"其它未归类"
135;"https://www.ctolib.com/rootsongjc-kubernetes-vagrant-centos-cluster.html";"使用Vagrant和Virtualbox搭建Kubernetes集群";"其它未归类"
136;"https://www.ctolib.com/WhitewaterFoundry-WLinux.html";"WLinux - 基于Debian针对WSL优化的Linux发行版";"其它未归类"
137;"https://www.ctolib.com/sirredbeard-Awesome-UNIX.html";"所有与UNIX和类似UNIX相关的: Linux, BSD, macOS, Illumos, 9front等资源列表";"其它未归类"
138;"https://www.ctolib.com/chainsx-ubuntu64-rpi.html";"适用于树莓派3b/3b+的64位系统";"其它未归类"
139;"https://www.ctolib.com/ruanyf-book-computer-networks.html"" data-toggle=""tooltip"" data-placement=""bottom"" data-html=""true"" title="""" data-original-title=""阮一峰新作：免费电子书：计算机网络 - 系统方法";"阮一峰新作：免费电子书：计算机网络 - 系统方法";"其它未归类"
140;"https://www.ctolib.com/wahyd4-aria2-ariang-x-docker-compose.html"" data-toggle=""tooltip"" data-placement=""bottom"" data-html=""true"" title="""" data-original-title=""Aria2-AriaNg-X docker-compose：图形化下载各类文件，并在线预览及下载";"Aria2-AriaNg-X docker-compose：图形化下载各类文件，并在线预览及下载";"其它未归类"
141;"https://www.ctolib.com/kernelslacker-trinity.html";" trinity ，一个linux系统API模糊测试框架。一般用来挖掘有没有系统漏洞";"其它未归类"
142;"https://www.ctolib.com/jawj-IKEv2-setup.html";"将Ubuntu Server 18.04设置为IKEv2 VPN服务器";"其它未归类"
143;"https://www.ctolib.com/DenizParlak-Zeus.html";"Zeus是AWS审计和加固工具";"其它未归类"
144;"https://www.ctolib.com/jolestar-kubernetes-complete-course.html";"Kubernetes 完全教程";"其它未归类"
145;"https://www.ctolib.com/FunctionClub-ZBench.html"" data-toggle=""tooltip"" data-placement=""bottom"" data-html=""true"" title="""" data-original-title=""又一个Linux VPS测评脚本";"又一个Linux VPS测评脚本";"其它未归类"
146;"https://www.ctolib.com/pavanjadhaw-betterlockscreen.html"" data-toggle=""tooltip"" data-placement=""bottom"" data-html=""true"" title="""" data-original-title=""依赖于i3lock的锁屏脚本";"依赖于i3lock的锁屏脚本";"其它未归类"
147;"https://www.ctolib.com/severin-lemaignan-vim-minimap.html"" data-toggle=""tooltip"" data-placement=""bottom"" data-html=""true"" title="""" data-original-title=""vim-minimap：为Vim实现一个类似于Sublime编辑器的侧栏代码迷你地图";"vim-minimap：为Vim实现一个类似于Sublime编辑器的侧栏代码迷你地图";"其它未归类"
148;"https://www.ctolib.com/morpheus.html"" data-toggle=""tooltip"" data-placement=""bottom"" data-html=""true"" title="""" data-original-title=""Morpheus - 自动Ettercap TCP / IP劫持工具";"Morpheus - 自动Ettercap TCP / IP劫持工具";"其它未归类"
149;"https://www.ctolib.com/larkery-zsh-histdb.html";"ZSH History Database 一个zsh更好的历史存储";"其它未归类"
150;"https://www.ctolib.com/astefanutti-kubebox.html"" data-toggle=""tooltip"" data-placement=""bottom"" data-html=""true"" title="""" data-original-title=""Kubebox - ⎈❏ Kubernets集群的终端和Web控制台";"Kubebox - ⎈❏ Kubernets集群的终端和Web控制台";"其它未归类"
151;"https://www.ctolib.com/legolord208-termplay.html"" data-toggle=""tooltip"" data-placement=""bottom"" data-html=""true"" title="""" data-original-title=""termplay：在您的终端播放图像/视频";"termplay：在您的终端播放图像/视频";"其它未归类"
152;"https://www.ctolib.com/int32bit-dotfiles.html";"快速配置*nix开发环境以及装机必备神器";"其它未归类"
153;"https://www.ctolib.com/reinterpretcat-lfs.html"" data-toggle=""tooltip"" data-placement=""bottom"" data-html=""true"" title="""" data-original-title=""用于构建Linux从头开始系统的Docker配置";"用于构建Linux从头开始系统的Docker配置";"其它未归类"
154;"https://www.ctolib.com/goreliu-zshguide.html";"Zsh 开发指南";"其它未归类"
155;"https://www.ctolib.com/EverVim.html"" data-toggle=""tooltip"" data-placement=""bottom"" data-html=""true"" title="""" data-original-title=""EverVim 是一个面向所有开发者的 Vim 发行版";"EverVim 是一个面向所有开发者的 Vim 发行版";"其它未归类"
156;"https://www.ctolib.com/mitnk-cicada.html";"Cicada 一个用Rust编写的简单Unix shell";"其它未归类"
157;"https://www.ctolib.com/kubermesh-kubermesh.html";"Kubermesh: 自主托管/修复/配置，部分网状网络K8s集群";"其它未归类"
158;"https://www.ctolib.com/gradle-completion.html"" data-toggle=""tooltip"" data-placement=""bottom"" data-html=""true"" title="""" data-original-title=""bash和zsh的Gradle选项卡完成";"bash和zsh的Gradle选项卡完成";"其它未归类"
159;"https://www.ctolib.com/liuchengxu-vim-which-key.html"" data-toggle=""tooltip"" data-placement=""bottom"" data-html=""true"" title="""" data-original-title=""vim-which-key：弹出热键说明的vim插件";"vim-which-key：弹出热键说明的vim插件";"其它未归类"
160;"https://www.ctolib.com/strimzi-strimzi-kafka-operator.html";"Strimzi - 提供了各种部署配置中在OpenShift和Kubernetes上运行Apache Kafka集群的方法";"其它未归类"
161;"https://www.ctolib.com/iridakos-goto.html"" data-toggle=""tooltip"" data-placement=""bottom"" data-html=""true"" title="""" data-original-title=""goto：一个bash实用程序，用于快速导航到别名目录支持自动完成";"goto：一个bash实用程序，用于快速导航到别名目录支持自动完成";"其它未归类"
162;"https://www.ctolib.com/rancher-longhorn.html";"Longhorn 一个使用容器和微服务构建的分布式块存储系统";"其它未归类"
163;"https://www.ctolib.com/yunlzheng-prometheus-book.html";"Prometheus操作指南";"其它未归类"
164;"https://www.ctolib.com/badtuxx-giropops-monitoring.html"" data-toggle=""tooltip"" data-placement=""bottom"" data-html=""true"" title="""" data-original-title=""用于监视容器和其他东西的全堆栈工具";"用于监视容器和其他东西的全堆栈工具";"其它未归类"
165;"https://www.ctolib.com/iam4x-zsh-iterm-touchbar.html"" data-toggle=""tooltip"" data-placement=""bottom"" data-html=""true"" title="""" data-original-title=""在?Touchbar中显示终端的反馈";"在?Touchbar中显示终端的反馈";"其它未归类"
166;"https://www.ctolib.com/neverpanic-google-font-download.html";"google-font-download 本地托管Google的Web字体";"其它未归类"
167;"https://www.ctolib.com/arithran-vim-pizza.html";"初尝试从vim中订购比萨饼";"其它未归类"
168;"https://www.ctolib.com/hostsctl.html"" data-toggle=""tooltip"" data-placement=""bottom"" data-html=""true"" title="""" data-original-title=""轻松控制您的/ etc / hosts文件，阻止广告，社交网络等";"轻松控制您的/ etc / hosts文件，阻止广告，社交网络等";"其它未归类"
169;"https://www.ctolib.com/jessfraz-k8s-snowflake.html";"用于在任何地方引导自定义Kubernetes集群的配置和脚本";"其它未归类"
170;"https://www.ctolib.com/git-dit.html";"Git-dit – 一个git的分布式问题跟踪器";"其它未归类"
171;"https://www.ctolib.com/cubicdaiya-ngx_small_light.html";"ngx_small_light是nginx 的动态图像转换模块";"其它未归类"
172;"https://www.ctolib.com/modernish-modernish.html";"modernish: 跨平台的POSIX shell功能检测和语言扩展库";"其它未归类"
173;"https://www.ctolib.com/gregsramblings-google-cloud-4-words.html"" data-toggle=""tooltip"" data-placement=""bottom"" data-html=""true"" title="""" data-original-title=""Google Cloud Developer的备忘单（Cheat Sheet）";"Google Cloud Developer的备忘单（Cheat Sheet）";"其它未归类"
174;"https://www.ctolib.com/zdharma-fast-syntax-highlighting.html"" data-toggle=""tooltip"" data-placement=""bottom"" data-html=""true"" title="""" data-original-title=""优化和扩展zsh-syntax-highlighting";"优化和扩展zsh-syntax-highlighting";"其它未归类"
175;"https://www.ctolib.com/ssh-allow-friend.html";"临时允许朋友使用Github的公钥ssh登录到你的Linux";"其它未归类"
176;"https://www.ctolib.com/trimstray-htrace-sh.html"" data-toggle=""tooltip"" data-placement=""bottom"" data-html=""true"" title="""" data-original-title=""用于调试http / https流量跟踪，响应头和mixed-content的简单shell脚本。 支持外部安全工具：Mozilla Observatory和SSL Labs API。";"htrace.sh：用于调试http / https流量跟踪，响应头和mixed-content的简单shell脚本";"其它未归类"
177;"https://www.ctolib.com/eotk.html";"企业洋葱Onion工具包";"其它未归类"
178;"https://www.ctolib.com/PapirusDevelopmentTeam-adapta-kde.html"" data-toggle=""tooltip"" data-placement=""bottom"" data-html=""true"" title="""" data-original-title=""Adapta KDE  这是Plasma 5桌面GTK主题Adapta的一个移植";"Adapta KDE  这是Plasma 5桌面GTK主题Adapta的一个移植";"其它未归类"
179;"https://www.ctolib.com/ddos-deflate.html";"DoS Deflate 是一个轻量级的 bash shell 脚本，旨在协助阻止拒绝服务攻击的过程";"其它未归类"
180;"https://www.ctolib.com/vincentchu-eth-private-net.html";"eth-private-net – 在本地运行私有Ethereum网络的工具";"其它未归类"
181;"https://www.ctolib.com/nginx-http2-load-balancing-config.html";"一个支持百万用户量的nginx配置";"其它未归类"
182;"https://www.ctolib.com/dakshshah96-local-cert-generator.html"" data-toggle=""tooltip"" data-placement=""bottom"" data-html=""true"" title="""" data-original-title=""用于快速为本地开发环境生成HTTPS证书的一组脚本";"用于快速为本地开发环境生成HTTPS证书的一组脚本";"其它未归类"
183;"https://www.ctolib.com/jx-sec-jxwaf.html";"JXWAF(锦衣盾)是一款基于openresty(nginx+lua)开发的下一代web应用防火墙";"其它未归类"
184;"https://www.ctolib.com/ahnick-encpass-sh.html";"在shell脚本中使用加密密码的轻量级解决方案";"其它未归类"
185;"https://www.ctolib.com/DarkSpiritz-DarkSpiritz.html"" data-toggle=""tooltip"" data-placement=""bottom"" data-html=""true"" title="""" data-original-title=""DarkSpiritz  一个UNIX系统的渗透测试框架";"DarkSpiritz  一个UNIX系统的渗透测试框架";"其它未归类"
186;"https://www.ctolib.com/fssb.html";"FSSB - Linux文件系统沙箱";"其它未归类"
187;"https://www.ctolib.com/alim0x-Awesome-Linux-Software-zh_CN.html";"? 一个 Linux 上超赞的应用，软件，工具以及其它资源的集中地。";"其它未归类"
188;"https://www.ctolib.com/nahamsec-lazyrecon.html";"该脚本旨在以有组织的方式自动执行侦察过程";"其它未归类"
189;"https://www.ctolib.com/g-plane-zsh-yarn-autocompletions.html"" data-toggle=""tooltip"" data-placement=""bottom"" data-html=""true"" title="""" data-original-title=""这个Zsh插件可以读取当前目录下的package.json文件，并显示可以运行的脚本以及可以删除的软件包。";"一个Zsh插件用于yarn自动完成";"其它未归类"
190;"https://www.ctolib.com/bill-mavromatis-gnome-layout-manager.html"" data-toggle=""tooltip"" data-placement=""bottom"" data-html=""true"" title="""" data-original-title=""一个bash脚本,批量安装和调整GNOME扩展以及GTK/Shell主题。目前有三个选项可用: Unity, Windows and macOS。";"一个bash脚本,能批量安装和调整GNOME扩展以及GTK/Shell主题";"其它未归类"
191;"https://www.ctolib.com/marcosscriven-galeforce.html"" data-toggle=""tooltip"" data-placement=""bottom"" data-html=""true"" title="""" data-original-title=""GaleForce一个定制Google Wifi路由器的项目";"GaleForce一个定制Google Wifi路由器的项目";"其它未归类"
192;"https://www.ctolib.com/godlyranchdressing-United-GNOME.html"" data-toggle=""tooltip"" data-placement=""bottom"" data-html=""true"" title="""" data-original-title=""GTK2 / 3 + GNOME Shell主题基于Ubuntu 18.04设计理念，使用Flat-Plat作为基础";"GTK2 / 3 + GNOME Shell主题基于Ubuntu 18.04设计理念，使用Flat-Plat作为基础";"其它未归类"
193;"https://www.ctolib.com/Peltoche-lsd.html"" data-toggle=""tooltip"" data-placement=""bottom"" data-html=""true"" title="""" data-original-title=""拥有很多漂亮颜色和精美图标的Linux ls命令";"拥有很多漂亮颜色和精美图标的Linux ls命令";"其它未归类"
194;"https://www.ctolib.com/ProtonVPN-protonvpn-cli.html"" data-toggle=""tooltip"" data-placement=""bottom"" data-html=""true"" title="""" data-original-title=""protonvpn-cli: 用于Linux和MacOS的ProtonVPN命令行工具";"protonvpn-cli: 用于Linux和MacOS的ProtonVPN命令行工具";"其它未归类"
195;"https://www.ctolib.com/pwndsh.html";"pwnd.sh是一个post-exploitation框架(和一个交互的shell)";"其它未归类"
196;"https://www.ctolib.com/zhovner-OneFileLinux.html"" data-toggle=""tooltip"" data-placement=""bottom"" data-html=""true"" title="""" data-original-title=""One File Linux — Live Linux发行版组合在一个EFI文件中";"One File Linux — Live Linux发行版组合在一个EFI文件中";"其它未归类"
197;"https://www.ctolib.com/RRethy-vim-illuminate.html"" data-toggle=""tooltip"" data-placement=""bottom"" data-html=""true"" title="""" data-original-title=""illuminate.vim - Vim插件能高亮当前光标下所选中字符串的其他用途";"illuminate.vim - Vim插件能高亮当前光标下所选中字符串的其他用途";"其它未归类"
198;"https://www.ctolib.com/slowmist-eos-bp-nodes-security-checklist.html"" data-toggle=""tooltip"" data-placement=""bottom"" data-html=""true"" title="""" data-original-title=""EOS bp nodes security checklist（EOS超级节点安全执行指南）";"EOS bp nodes security checklist（EOS超级节点安全执行指南）";"其它未归类"
199;"https://www.ctolib.com/thiagoalessio-rainbow_levels-vim.html"" data-toggle=""tooltip"" data-placement=""bottom"" data-html=""true"" title="""" data-original-title=""Rainbow Levels：代码高亮显示的另一种方法";"Rainbow Levels：代码高亮显示的另一种方法";"其它未归类"
200;"https://www.ctolib.com/acme-client-quick.html";"在五分钟之内获得Let's Encrypt证书";"其它未归类"
201;"https://www.ctolib.com/lmk123-oh-my-wechat.html";"在 MacOS 中自动安装微信防撤回插件并打开微信。";"其它未归类"
202;"https://www.ctolib.com/FlowCI-docker.html";"flow.ci 新一代的CI 持续集成工具";"其它未归类"
203;"https://www.ctolib.com/udhos-update-golang.html";"update-golang 一个脚本轻松获取并安装新Golang版本";"其它未归类"
204;"https://www.ctolib.com/paullinuxthemer-Mc-OS-themes.html"" data-toggle=""tooltip"" data-placement=""bottom"" data-html=""true"" title="""" data-original-title=""用于Linux-Gnome桌面的Mac OS主题";"用于Linux-Gnome桌面的Mac OS主题";"其它未归类"
205;"https://www.ctolib.com/Thirsty.html"" data-toggle=""tooltip"" data-placement=""bottom"" data-html=""true"" title="""" data-original-title=""一个提醒你喝水的zsh / bash脚本";"一个提醒你喝水的zsh / bash脚本";"其它未归类"
206;"https://www.ctolib.com/amazeeio-lagoon.html";"amazee.io Lagoon - 针对OpenShift和Kubernetes的Docker构建和部署系统";"其它未归类"
207;"https://www.ctolib.com/theodorewiles-org-mind-map.html"" data-toggle=""tooltip"" data-placement=""bottom"" data-html=""true"" title="""" data-original-title=""org-mind-map 这是一个创建graphviz有向图的emacs包";"org-mind-map 这是一个创建graphviz有向图的emacs包";"其它未归类"
208;"https://www.ctolib.com/ocochard-graphpath.html";"Graphpath从Unix / Linux的路由表中生成一个ASCII网络图";"其它未归类"
209;"https://www.ctolib.com/dylanaraps-pxltrm.html"" data-toggle=""tooltip"" data-placement=""bottom"" data-html=""true"" title="""" data-original-title=""pxltrm是用纯bash编写的终端像素艺术编辑器。 它允许您在不使用鼠标的情况下绘制像素图。";"pxltrm是用纯bash编写的终端像素艺术编辑器";"其它未归类"
210;"https://www.ctolib.com/c0ny1-vulstudy.html";"vulstudy 使用docker快速搭建各大漏洞学习平台，目前可以一键搭建12个平台。";"其它未归类"
211;"https://www.ctolib.com/kelseyhightower-vault-on-google-kubernetes-engine.html";"如何指导在Google Kubernetes引擎上运行HashiCorp的Vault";"其它未归类"
212;"https://www.ctolib.com/yubikey-full-disk-encryption.html";"使用YubiKey解锁LUKS分区";"其它未归类"
213;"https://www.ctolib.com/bashcached.html";"构建在bash + socat之上的memcached";"其它未归类"
214;"https://www.ctolib.com/mongodb.html";"MongoDB Dockerfile 用于受信任Docker构建自动化";"其它未归类"
215;"https://www.ctolib.com/DylanHamer-DebianKindle.html";"在你的Kindle上安装Debian的脚本";"其它未归类"
216;"https://www.ctolib.com/ztanesh.html"" data-toggle=""tooltip"" data-placement=""bottom"" data-html=""true"" title="""" data-original-title=""使用ztanesh项目提高UNIX命令行的体验和生产力：这些工具将使您的shell更强大，更易于使用。";"使用ztanesh项目提高UNIX命令行的体验和生产力";"其它未归类"
217;"https://www.ctolib.com/dylanbai8-V2Ray_ws-tls_Website_onekey.html";"V2RAY 基于 NGINX 的 VMESS+WS+TLS+Website(Use Host)+Rinetd BBR 一键安装脚本";"其它未归类"
218;"https://www.ctolib.com/cdm.html";"CDM是一个使用 Bash 编写的新登录管理器";"其它未归类"
219;"https://www.ctolib.com/tklx-base.html";"TKLX – 基于Debian GNU / Linux的超级苗条容器镜像";"其它未归类"
220;"https://www.ctolib.com/nenadg-docker-unity3d.html";"Unity 3D 的 Docker 映像";"其它未归类"
221;"https://www.ctolib.com/linuxkit-kubernetes.html";"使用LinuxKit构建的最小且不可变的Kubernetes映像";"其它未归类"
222;"https://www.ctolib.com/FunctionClub-MTProxy-Bash.html"" data-toggle=""tooltip"" data-placement=""bottom"" data-html=""true"" title="""" data-original-title=""MTProxy 一键搭建管理脚本。 MTProxy 是专门用于 Telegram 的代理软件。目前 Telegram 内部直接支持此代理软件。安装完成后生成的 tg:// 链接可在 Telegram 内随意分享使用。代理效果非常出色。";"MTProxy 一键搭建管理脚本";"其它未归类"
223;"https://www.ctolib.com/gy-games-elves.html"" data-toggle=""tooltip"" data-placement=""bottom"" data-html=""true"" title="""" data-original-title=""Elves为光宇游戏运维团队开源的一套自动化运维开发平台(IT Automatic Develop Platform)，面向开发，注重以编程实现运维自动化，致力于为运维研发人员提供便捷的运维自动化业务编程实现环境， Elves自身不提供业务性功能，运维开发人员可根据自身的业务进行应用(APP)的开发来实现相应业务的自动化管理。";"Elves为光宇游戏运维团队开源的一套自动化运维开发平台";"其它未归类"
224;"https://www.ctolib.com/cryptolok-ASLRay.html"" data-toggle=""tooltip"" data-placement=""bottom"" data-html=""true"" title="""" data-original-title=""Linux ELF x32 and x64 ASLR bypass exploit with stack-spraying";"Linux ELF x32 and x64 ASLR bypass exploit with stack-spraying";"其它未归类"
225;"https://www.ctolib.com/unixhot-salt-kubernetes.html";"SaltStack自动化部署Kubernetes";"其它未归类"
226;"https://www.ctolib.com/jsamr-bootiso.html";"一个bash脚本，用于从一个ISO文件安全地创建可引导的USB设备";"其它未归类"
227;"https://www.ctolib.com/anrip-ArDNSPod.html";"基于DNSPod用户API实现的纯Shell动态域名客户端";"其它未归类"
228;"https://www.ctolib.com/chr4-nginx.vim.html"" data-toggle=""tooltip"" data-placement=""bottom"" data-html=""true"" title="""" data-original-title=""改进的nginx vim插件（包括语法高亮）";"改进的nginx vim插件（包括语法高亮）";"其它未归类"
229;"https://www.ctolib.com/vim-up.html";"一束vim快捷方式，颜色和捆绑，使你的生活更轻松";"其它未归类"
230;"https://www.ctolib.com/cryptolok-CryKeX.html"" data-toggle=""tooltip"" data-placement=""bottom"" data-html=""true"" title="""" data-original-title=""Linux Memory Cryptographic Keys Extractor ";"Linux内存加密密钥提取器";"其它未归类"
231;"https://www.ctolib.com/laptop-mode-tools.html";"Laptop Mode Tools是Linux的省电工具";"其它未归类"
232;"https://www.ctolib.com/orcproject-orc.html";"onion routed cloud - 分布式、匿名、安全的对象存储";"其它未归类"
233;"https://www.ctolib.com/MichaelAquilina-zsh-you-should-use.html";"一个提醒您使用您所定义别名的ZSH插件";"其它未归类"
234;"https://www.ctolib.com/dodie-vim-fibo-indent.html"" data-toggle=""tooltip"" data-placement=""bottom"" data-html=""true"" title="""" data-original-title=""Vim插件根据Fibonacci序列增加每个连续缩进的间距";"Vim插件根据Fibonacci序列增加每个连续缩进的间距";"其它未归类"
235;"https://www.ctolib.com/ricing.html";"一本关于ricing类Unix系统的书";"其它未归类"
236;"https://www.ctolib.com/rak8s-rak8s.html";"rak8s - 利用Ansible搭建一个基于树莓派的Kubernetes群集";"其它未归类"
237;"https://www.ctolib.com/fz.html"" data-toggle=""tooltip"" data-placement=""bottom"" data-html=""true"" title="""" data-original-title=""fz 一个shell插件，无缝地将模糊搜索添加到z的完成选项卡，让你轻松地绕过你的历史目录。 不需要任何额外的密钥绑定。 目前支持Bash和zsh。";"fz 一个shell插件，无缝地将模糊搜索添加到z的完成选项卡";"其它未归类"
238;"https://www.ctolib.com/xl-tech-OpenVPN-easy-setup.html";"用于轻松快速OpenVPN部署的Bash脚本";"其它未归类"
239;"https://www.ctolib.com/aviaryan-utility-bash-scripts.html";"? Utility bash scripts - 使用单个命令执行可自动执行任务的实用bash脚本";"其它未归类"
240;"https://www.ctolib.com/lonely-shell.html";"最小的https反向shell";"其它未归类"
241;"https://www.ctolib.com/skywind3000-quickmenu-vim.html"" data-toggle=""tooltip"" data-placement=""bottom"" data-html=""true"" title="""" data-original-title=""Preface 一个vim的很好可定制的弹出菜单";"Preface 一个vim的很好可定制的弹出菜单";"其它未归类"
242;"https://www.ctolib.com/static_status.html"" data-toggle=""tooltip"" data-placement=""bottom"" data-html=""true"" title="""" data-original-title=""status.sh：?生成静态状态页面的Bash脚本。展示网站、服务(HTTP, SAP, MySQL...)和ping的状态，一切都容易定制。";"status.sh：?生成静态状态页面的Bash脚本";"其它未归类"
243;"https://www.ctolib.com/marysue-encoder.html";"marysue-encoder 把任意文字和玛丽苏体的姓名进行加密转换";"其它未归类"
244;"https://www.ctolib.com/wsdjeg-FlyGrep-vim.html"" data-toggle=""tooltip"" data-placement=""bottom"" data-html=""true"" title="""" data-original-title=""一款在Vim下进行实时代码检索的插件";"一款在Vim下进行实时代码检索的插件";"其它未归类"
245;"https://www.ctolib.com/jessfraz-branch-cleanup-action.html"" data-toggle=""tooltip"" data-placement=""bottom"" data-html=""true"" title="""" data-original-title=""一个GitHub action，用于在合并拉取请求后自动删除分支";"一个GitHub action，用于在合并拉取请求后自动删除分支";"其它未归类"
246;"https://www.ctolib.com/dylanaraps-pure-bash-bible.html";"?一些用于替代外部程序的纯bash实现脚本集合";"其它未归类"
247;"https://www.ctolib.com/rainglow-iterm.html"" data-toggle=""tooltip"" data-placement=""bottom"" data-html=""true"" title="""" data-original-title=""iTerm2的180多种颜色主题";"iTerm2的180多种颜色主题";"其它未归类"
248;"https://www.ctolib.com/kallewoof-btcdeb.html";"btcdeb：比特币脚本调试工具";"其它未归类"
249;"https://www.ctolib.com/christophetd-duplicacy-autobackup.html";"Duplicacy Autobackup是一个Docker镜像，可以轻松执行自动备份";"其它未归类"
250;"https://www.ctolib.com/giMini-mimiDbg.html"" data-toggle=""tooltip"" data-placement=""bottom"" data-html=""true"" title="""" data-original-title=""DbgShell是Windows调试器引擎的PowerShell前端";"DbgShell是Windows调试器引擎的PowerShell前端";"其它未归类"
251;"https://www.ctolib.com/jgamblin-MacOS-Maid.html";"一个能够自动对MacBook进行清理和打补丁的简单的shell脚本";"其它未归类"
252;"https://www.ctolib.com/nathan-osman-hang.html";"hang一个1Kb大小的Docker容器";"其它未归类"
253;"https://www.ctolib.com/p-e-w-hegemon.html"" data-toggle=""tooltip"" data-placement=""bottom"" data-html=""true"" title="""" data-original-title=""Hegemon  一个用Rust编写的模块化系统监视器";"Hegemon  一个用Rust编写的模块化系统监视器";"其它未归类"
254;"https://www.ctolib.com/freetonik-castlemacs.html"" data-toggle=""tooltip"" data-placement=""bottom"" data-html=""true"" title="""" data-original-title=""Castlemacs: 适用于macOS的简约Emacs⌘";"Castlemacs: 适用于macOS的简约Emacs⌘";"其它未归类"
255;"https://www.ctolib.com/fransr-bountyplz.html"" data-toggle=""tooltip"" data-placement=""bottom"" data-html=""true"" title="""" data-original-title=""bountyplz - 来自markdown模板的自动化安全报告（HackerOne目前是支持的平台）";"bountyplz - 来自markdown模板的自动化安全报告";"其它未归类"
256;"https://www.ctolib.com/pipelines.html"" data-toggle=""tooltip"" data-placement=""bottom"" data-html=""true"" title="""" data-original-title=""pipeline: 交互式的shell pipeline处理";"pipeline: 交互式的shell pipeline处理";"其它未归类"
257;"https://www.ctolib.com/whiteinge-diffconflicts.html"" data-toggle=""tooltip"" data-placement=""bottom"" data-html=""true"" title="""" data-original-title=""一个更好的Vimdiff Git合并工具";"一个更好的Vimdiff Git合并工具";"其它未归类"
258;"https://www.ctolib.com/balena-io-open-balena.html";"用于管理连接的物联网设备的开源软件";"其它未归类"
259;"https://www.ctolib.com/posixcube.html";"Posixcube, shell脚本自动化框架Ansible的替代品";"其它未归类"
260;"https://www.ctolib.com/internet-speed-log.html"" data-toggle=""tooltip"" data-placement=""bottom"" data-html=""true"" title="""" data-original-title=""使用shell脚本和nodejs记录和显示speedtest";"使用shell脚本和nodejs记录和显示speedtest";"其它未归类"
261;"https://www.ctolib.com/haya14busa-is-vim.html"" data-toggle=""tooltip"" data-placement=""bottom"" data-html=""true"" title="""" data-original-title=""is.vim - 渐进式搜索改进 - incsearch.vim的接替者";"is.vim - 渐进式搜索改进 - incsearch.vim的接替者";"其它未归类"
262;"https://www.ctolib.com/whihail-AutoArchive.html";"一个基于Jenkins的iOS/Android自动构建系统 ";"其它未归类"
263;"https://www.ctolib.com/mayankk2308-set-egpu.html"" data-toggle=""tooltip"" data-placement=""bottom"" data-html=""true"" title="""" data-original-title=""使用外部GPU显示与macOS应用程序无关的加速";"使用外部GPU显示与macOS应用程序无关的加速";"其它未归类"
264;"https://www.ctolib.com/minimalist.html";"Minimalist是Vim的一个Material Colorscheme Darker主题";"其它未归类"
265;"https://www.ctolib.com/johnpaulada-microsoftmlserver-docker.html";"非官方的Microsoft Machine Learning Server Docker镜像";"其它未归类"
266;"https://www.ctolib.com/bsycorp-kind.html";"Kubernetes-in-Docker - 一个单节点集群，可在30秒内准备好CI针对测试";"其它未归类"
267;"https://www.ctolib.com/ob-async.html"" data-toggle=""tooltip"" data-placement=""bottom"" data-html=""true"" title="""" data-original-title=""ob-async实现org-babel的异步src_block执行";"ob-async实现org-babel的异步src_block执行";"其它未归类"
268;"https://www.ctolib.com/xero-glitchlock.html"" data-toggle=""tooltip"" data-placement=""bottom"" data-html=""true"" title="""" data-original-title=""glitchlock: 一个以出故障为主题的linux随机锁屏";"glitchlock: 一个以出故障为主题的linux随机锁屏";"其它未归类"
269;"https://www.ctolib.com/hashicorp-terraform-github-actions.html";"Terraform的GitHub Actions";"其它未归类"
270;"https://www.ctolib.com/duy13-vDDoS-Protection.html"" data-toggle=""tooltip"" data-placement=""bottom"" data-html=""true"" title="""" data-original-title=""vDDoS一个HTTP(S) DDoS 防护反向代理";"vDDoS一个HTTP(S) DDoS 防护反向代理";"其它未归类"
271;"https://www.ctolib.com/snmp_mib_archive.html";"超过4500个SNMP MIB的存档";"其它未归类"
272;"https://www.ctolib.com/geerlingguy-ansible-role-awx.html";"Ansible Role: AWX (开源版本Ansible Tower)";"其它未归类"
273;"https://www.ctolib.com/ipfs-screenshot.html"" data-toggle=""tooltip"" data-placement=""bottom"" data-html=""true"" title="""" data-original-title=""类似Cloudapp但使用IPFS";"类似Cloudapp但使用IPFS";"其它未归类"
274;"https://www.ctolib.com/dspinellis-unix-v4man.html";"Unix程序员手册第四研究版";"其它未归类"
275;"https://www.ctolib.com/mre-fcat.html"" data-toggle=""tooltip"" data-placement=""bottom"" data-html=""true"" title="""" data-original-title=""fcat (short for fastcat) - 使用splice更快地实现cat（仅限Linux和Android）";"fcat (short for fastcat) - 使用splice更快地实现cat（仅限Linux和Android）";"其它未归类"
276;"https://www.ctolib.com/brannondorsey-sniff-probes.html";"即插即用的bash脚本，用于嗅探802.11探测请求";"其它未归类"
277;"https://www.ctolib.com/urbainvaes-vim-remembrall.html"" data-toggle=""tooltip"" data-placement=""bottom"" data-html=""true"" title="""" data-original-title=""一个vim小插件，使其更易于记住映射";"一个vim小插件，使其更易于记住映射";"其它未归类"
278;"https://www.ctolib.com/edkolev-evil-goggles.html"" data-toggle=""tooltip"" data-placement=""bottom"" data-html=""true"" title="""" data-original-title=""evil-goggles:在使用恶意模式进行编辑时显示视觉提示";"evil-goggles:在使用恶意模式进行编辑时显示视觉提示";"其它未归类"
279;"https://www.ctolib.com/changyuheng-zsh-interactive-cd.html"" data-toggle=""tooltip"" data-placement=""bottom"" data-html=""true"" title="""" data-original-title=""在zsh中用于CD类似于Fish的交互式tab完成";"在zsh中用于CD类似于Fish的交互式tab完成";"其它未归类"
280;"https://www.ctolib.com/luongvo209-Short-Gitlab-Tutorial.html"" data-toggle=""tooltip"" data-placement=""bottom"" data-html=""true"" title="""" data-original-title=""首先，我不想在这里开始Github和Gitlab之间的战争。 我不关心使用Github的道德规范，也不关心最近微软收购Github的消息。 我编写本指南的原因很明显：我想迁移到Gitlab并帮助人们处理相同的情况，因为事情在那里似乎有点不同。";" Gitlab快速入门";"其它未归类"
281;"https://www.ctolib.com/sindresorhus-macos-lock.html";"macos-lock：从命令行锁定您的Mac";"其它未归类"
282;"https://www.ctolib.com/bagrat-vim-workspace.html"" data-toggle=""tooltip"" data-placement=""bottom"" data-html=""true"" title="""" data-original-title=""VimWorkspace将类似IDE的标签带入Vim，方便导航，并且可以自定义外观";"VimWorkspace将类似IDE的标签带入Vim，方便导航，并且可以自定义外观";"其它未归类"
283;"https://www.ctolib.com/tomas-jix.html"" data-toggle=""tooltip"" data-placement=""bottom"" data-html=""true"" title="""" data-original-title=""jix一个基于终端的Git独立客户端，专注于提交插入（而不是简单的浏览或检查），它旨在帮助您管理历史记录并以简单的方式制作更好的提交，而无需手动输入任何命令。";"jix一个基于终端的Git独立客户端，专注于提交插入（而不是简单的浏览或检查）";"其它未归类"
284;"https://www.ctolib.com/pomidor.html"" data-toggle=""tooltip"" data-placement=""bottom"" data-html=""true"" title="""" data-original-title=""Pomidor是一个简单和很酷的番茄钟技术计时器";"Pomidor是一个简单和很酷的番茄钟技术计时器";"其它未归类"
285;"https://www.ctolib.com/FydeOS-chromium_os_for_raspberry_pi.html";"为Raspberry Pi 3B构建Chromium OS";"其它未归类"
286;"https://www.ctolib.com/mattn-vim-trex.html"" data-toggle=""tooltip"" data-placement=""bottom"" data-html=""true"" title="""" data-original-title=""在Vim上运行T-Rex";"在Vim上运行T-Rex";"其它未归类"
287;"https://www.ctolib.com/the-art-of-command-line.html"" data-toggle=""tooltip"" data-placement=""bottom"" data-html=""true"" title="""" data-original-title=""这篇文章对刚接触命令行的新手，以及具有命令行使用经验的人都有用处。本文致力于做到覆盖面广（尽量包括一切重要的内容），具体（给出最常见的具体的例子），以及简洁（避免不必要的，或是可以在其他地方轻松查到的细枝末节）。每个技巧在特定情境下或是基本的，或是能显著节约时间。";"命令行的艺术，在一个页面上精通命令行";"其它未归类"
288;"https://www.ctolib.com/enochtangg-quick-SQL-cheatsheet.html";"SQL查询速查表以及如何使用它们的示例";"其它未归类"
289;"https://www.ctolib.com/excalith-Git-Cheats.html"" data-toggle=""tooltip"" data-placement=""bottom"" data-html=""true"" title="""" data-original-title=""Git Cheats - Git命令的速查表";"Git Cheats - Git命令的速查表";"其它未归类"
290;"https://www.ctolib.com/jslsolucoes-nginx-admin.html";"Nginx admin是nginx软件的开源多平台管理器，易于管理";"其它未归类"
291;"https://www.ctolib.com/yedhink-bashed-on-a-feeling.html"" data-toggle=""tooltip"" data-placement=""bottom"" data-html=""true"" title="""" data-original-title=""采用纯bash写的一个简单而快速git prompt ";"采用纯bash写的一个简单而快速git prompt ";"其它未归类"
292;"https://www.ctolib.com/b3rito-yotter.html";"yotter - bash脚本执行侦察，然后使用dirb发现可能导致信息泄露的目录";"其它未归类"
293;"https://www.ctolib.com/proxycannon-proxycannon-ng.html"" data-toggle=""tooltip"" data-placement=""bottom"" data-html=""true"" title="""" data-original-title=""一个按需代理工具，利用云环境，让用户能够从无穷无尽的基于云的IP地址中获取（全部）流量。 将它视为您自己的私人TOR网络，用于您的redteam和pentest交易。";"ProxyCannon-NG：一个私人的TOR网络";"其它未归类"
294;"https://www.ctolib.com/martingms-vipsql.html"" data-toggle=""tooltip"" data-placement=""bottom"" data-html=""true"" title="""" data-original-title=""vipsql 用于与psql交互的vim插件";"vipsql 用于与psql交互的vim插件";"其它未归类"
295;"https://www.ctolib.com/cormacrelf-vim-colors-github.html"" data-toggle=""tooltip"" data-placement=""bottom"" data-html=""true"" title="""" data-original-title=""一个基于Github语法高亮显示的Vim colorscheme";"一个基于Github语法高亮显示的Vim colorscheme";"其它未归类"
296;"https://www.ctolib.com/rebellionil-tornado.html";"The easiest way to play with neighbors";"其它未归类"
297;"https://www.ctolib.com/joarleymoraes-net_guard.html";"使用ARP协议在您的网络中检测新的未知设备的命令行工具";"其它未归类"
298;"https://www.ctolib.com/GooGle-BBR.html";"GooGle开源TCP加速算法";"其它未归类"
299;"https://www.ctolib.com/FanhuaCloud-Shadowsocksrrmu.html";"逗比ssrmu.sh魔改版";"其它未归类"
300;"https://www.ctolib.com/dylanaraps-fff.html"" data-toggle=""tooltip"" data-placement=""bottom"" data-html=""true"" title="""" data-original-title=""用bash编写的简单、快速文件管理器";"用bash编写的简单、快速文件管理器";"其它未归类"
301;"https://www.ctolib.com/railsware-upterm.html"" data-toggle=""tooltip"" data-placement=""bottom"" data-html=""true"" title="""" data-original-title=""Upterm  一个基于Electron的终端仿真器和交互式shell";"Upterm  一个基于Electron的终端仿真器和交互式shell";"其它未归类"
302;"https://www.ctolib.com/awesome-sysadmin.html";"awesome-sysadmin一些很棒的系统管理资源";"其它未归类"
303;"https://www.ctolib.com/syl20bnr-spacemacs.html"" data-toggle=""tooltip"" data-placement=""bottom"" data-html=""true"" title="""" data-original-title=""Spacemacs是体验Emacs的一种新方式 - 一种专注于人体工程学，助记符和一致性的复杂而精致的设置。&#10;";"Spacemacs - 非常适合于那些习惯vim的操作,同时又向往emacs的扩展能力的人";"其它未归类"
304;"https://www.ctolib.com/jwilder-nginx-proxy.html";"nginx-proxy设置一个运行nginx和docker-gen的容器";"其它未归类"
305;"https://www.ctolib.com/git-recipes.html";"高质量的Git中文教程.";"其它未归类"
306;"https://www.ctolib.com/bhilburn-powerlevel9k.html"" data-toggle=""tooltip"" data-placement=""bottom"" data-html=""true"" title="""" data-original-title=""Powerlevel9k是使用Powerline字体的ZSH的主题。 它可以用于香草ZSH或ZSH框架，如Oh-My-Zsh，Prezto，Antigen等等。";"Powerlevel9k是ZSH最棒的Powerline主题！";"其它未归类"
307;"https://www.ctolib.com/notwaldorf-tiny-care-terminal.html"" data-toggle=""tooltip"" data-placement=""bottom"" data-html=""true"" title="""" data-original-title=""一个在您使用终端时会照顾您提示喝水、看远处等的小仪表板";"一个在您使用终端时会照顾您提示喝水、看远处等的小仪表板";"其它未归类"
308;"https://www.ctolib.com/my-git.html";"比较全面的 Git 学习资料整理";"其它未归类"
309;"https://www.ctolib.com/MichielDerhaeg-build-linux.html";"构建一个非常小的基于Linux的操作系统";"其它未归类"
310;"https://www.ctolib.com/takeover-sh.html";"Takeover.sh 通过SSH擦除并重新安装正在运行的Linux系统，而无需重新启动";"其它未归类"
311;"https://www.ctolib.com/skywind3000-awesome-cheatsheets.html";"超级速查表 - 编程语言、框架和开发工具的速查表";"其它未归类"
312;"https://www.ctolib.com/eon01-DockerCheatSheet.html";"Docker速查表";"其它未归类"
313;"https://www.ctolib.com/gjmzj-kubeasz.html";"利用Ansible部署kubernetes集群";"其它未归类"
314;"https://www.ctolib.com/jenkins-x-jx.html";"于安装和使用Jenkins X：Kubernetes的自动化CI / CD的命令行工具";"其它未归类"
315;"https://www.ctolib.com/pure.html"" data-toggle=""tooltip"" data-placement=""bottom"" data-html=""true"" title="""" data-original-title=""Pure 漂亮，最小和快速ZSH prompt";"Pure 漂亮，最小和快速ZSH prompt";"其它未归类"
316;"https://www.ctolib.com/anordal-shellharden.html"" data-toggle=""tooltip"" data-placement=""bottom"" data-html=""true"" title="""" data-original-title=""Shellharden 是一款用于高亮显示 bash 语法的工具，还可以提示和修正对于变量的合适引用";"Shellharden 是一款用于高亮显示 bash 语法的工具";"其它未归类"
317;"https://www.ctolib.com/vimwiki.html";"VimWiki：为Vim开发的个人Wiki知识库管理插件";"其它未归类"
318;"https://www.ctolib.com/zplug.html"" data-toggle=""tooltip"" data-placement=""bottom"" data-html=""true"" title="""" data-original-title=""zplug是zsh的下一代插件管理器";"zplug是zsh的下一代插件管理器";"其它未归类"
319;"https://www.ctolib.com/huntergregal-mimipenguin.html"" data-toggle=""tooltip"" data-placement=""bottom"" data-html=""true"" title="""" data-original-title=""从当前linux用户dump登录密码的工具";"从当前linux用户dump登录密码的工具";"其它未归类"
320;"https://www.ctolib.com/dirtycow-github-io.html";"Dirty COW";"其它未归类"
321;"https://www.ctolib.com/askme765cs-Wine-QQ-TIM.html";"提供在Linux上运行最新版腾讯QQ与TIM的解决方案";"其它未归类"
322;"https://www.ctolib.com/awesome-command-line-apps.html";"使用你的终端shell来做很棒的东西";"其它未归类"
323;"https://www.ctolib.com/rhysd-NyaoVim.html"" data-toggle=""tooltip"" data-placement=""bottom"" data-html=""true"" title="""" data-original-title=""Web增强的可扩展Neovim前端，基于Electron开发";"Web增强的可扩展Neovim前端，基于Electron开发";"其它未归类"
324;"https://www.ctolib.com/git-quick-stats.html"" data-toggle=""tooltip"" data-placement=""bottom"" data-html=""true"" title="""" data-original-title=""Git quick statistics一个简单而有效的方法来访问Git存储库中的各种统计信息";"Git quick statistics一个简单而有效的方法来访问Git存储库中的各种统计信息";"其它未归类"
325;"https://www.ctolib.com/shadowsocks-gui.html";"Shadowsocks GUI 客户端";"其它未归类"
326;"https://www.ctolib.com/Medicean-VulApps.html";"快速搭建各种漏洞环境";"其它未归类"
327;"https://www.ctolib.com/pivpn-pivpn.html";"PiVPN - 为树莓派设计的简单OpenVPN安装包";"其它未归类"
328;"https://www.ctolib.com/alibaba-tsar.html";"Tsar - 淘宝收集系统监控数据工具";"其它未归类"
329;"https://www.ctolib.com/CNSRE-ABTestingGateway.html"" data-toggle=""tooltip"" data-placement=""bottom"" data-html=""true"" title="""" data-original-title=""基于动态路由逻辑，我们将其用于服务器端的灰度发布，提供restful的策略管理接口，使用redis作为分流策略数据库。根据用户请求特征和系统分流策略 ，查找出目标服务器集群，实现分流。";"基于动态策略的灰度发布系统";"其它未归类"
330;"https://www.ctolib.com/emacs-china-Spacemacs-rocks.html"" data-toggle=""tooltip"" data-placement=""bottom"" data-html=""true"" title="""" data-original-title=""用 21 天学习 Emacs 以及 Spacemacs 的使用";"用 21 天学习 Emacs 以及 Spacemacs 的使用";"其它未归类"
331;"https://www.ctolib.com/one-key-ikev2-vpn.html";"一键搭建适用于Ubuntu/CentOS的IKEV2/L2TP的VPN";"其它未归类"
332;"https://www.ctolib.com/tpope-vim-dadbod.html";"Dadbod是一个用于与数据库交互的Vim插件";"其它未归类"
333;"https://www.ctolib.com/tpope-vim-db.html";"DB是一个用于与数据库交互的Vim插件";"其它未归类"
334;"https://www.ctolib.com/microservices-demo-microservices-demo.html";"Sock Shop : 演示和测试微服务和云原生技术的在线商店示例";"其它未归类"
335;"https://www.ctolib.com/KeKe-Li-book.html"" data-toggle=""tooltip"" data-placement=""bottom"" data-html=""true"" title="""" data-original-title=""当你迷茫的时候，书可以带你找到问题的答案，开阔自己的眼界，提升自己的认知，不断的前行。";"编程书籍的整理和收集";"其它未归类"
336;"https://www.ctolib.com/variety.html";"Variety -  MongoDB的一个数据结构分析工具";"其它未归类"
337;"https://www.ctolib.com/zim.html"" data-toggle=""tooltip"" data-placement=""bottom"" data-html=""true"" title="""" data-original-title=""Zim是一个Zsh配置框架，拥有非常快的速度和模块化扩展。";"Zim是一个Zsh配置框架";"其它未归类"
338;"https://www.ctolib.com/pch-welder.html";"Welder – ?使用纯shell脚本搭建您的Linux服务器";"其它未归类"
339;"https://www.ctolib.com/Fourdee-DietPi.html"" data-toggle=""tooltip"" data-placement=""bottom"" data-html=""true"" title="""" data-original-title=""DietPi - 用于您单板计算机的轻量级justice ";"DietPi - 用于您单板计算机的轻量级justice ";"其它未归类"
340;"https://www.ctolib.com/GitOperateDemo.html";"练习Git操作";"其它未归类"
341;"https://www.ctolib.com/pms-docker.html";"Plex媒体服务器 Docker 仓库，满足所你的PMS docker需求";"其它未归类"
342;"https://www.ctolib.com/tiangolo-uwsgi-nginx-flask-docker.html";"Docker镜像包含uWSGI和Nginx的Flask应用程序";"其它未归类"
343;"https://www.ctolib.com/docker-compose-ui.html"" data-toggle=""tooltip"" data-placement=""bottom"" data-html=""true"" title="""" data-original-title=""Docker Compose UI：一个可在网页上的直观的进行Docker Compose操作的项目";"Docker Compose UI：一个可在网页上的直观的进行Docker Compose操作的项目";"其它未归类"
344;"https://www.ctolib.com/turkenh-ansible-interactive-tutorial.html"" data-toggle=""tooltip"" data-placement=""bottom"" data-html=""true"" title="""" data-original-title=""通过Docker进行简单设置的交互式Ansible教程";"通过Docker进行简单设置的交互式Ansible教程";"其它未归类"
345;"https://www.ctolib.com/cleanbrowsing-dnsperftest.html";"Shell脚本来测试您所在位置最受欢迎的DNS解析器的性能";"其它未归类"
346;"https://www.ctolib.com/skywind3000-vim-init.html";"轻量级 Vim 配置框架，全中文注释";"其它未归类"
347;"https://www.ctolib.com/yangmillstheory-vim-snipe.html"" data-toggle=""tooltip"" data-placement=""bottom"" data-html=""true"" title="""" data-original-title=""Vim中有针对性的线性运动和编辑";"Vim中有针对性的线性运动和编辑";"其它未归类"
348;"https://www.ctolib.com/notifier.html"" data-toggle=""tooltip"" data-placement=""bottom"" data-html=""true"" title="""" data-original-title=""notifier：一个跨平台桌面通知。支持macOS, Windows和Linux。";"notifier：一个跨平台桌面通知";"其它未归类"
349;"https://www.ctolib.com/hakavlad-nohang.html";"Nohang 一个高度可配置的Linux守护程序，能够正确防止内存不足的情况";"其它未归类"
350;"https://www.ctolib.com/andrewchambers-godothecorrectthing.html";"基于当前窗口和选定文本执行操作的Shell脚本";"其它未归类"
351;"https://www.ctolib.com/check.html"" data-toggle=""tooltip"" data-placement=""bottom"" data-html=""true"" title="""" data-original-title=""检查网址一个列表的状态";"检查网址一个列表的状态";"其它未归类"
352;"https://www.ctolib.com/SatoshiPortal-cyphernode.html";"模块化比特币全节点微服务API服务器架构和实用工具包";"其它未归类"
353;"https://www.ctolib.com/RedHatOfficial-RedHatOfficial-github-io.html";"红帽项目的官方GitHub主页";"其它未归类"
354;"https://www.ctolib.com/sandeep1995-git-extra-status.html"" data-toggle=""tooltip"" data-placement=""bottom"" data-html=""true"" title="""" data-original-title=""用单个命令获取单个或一批git存储库的更多信息";"用单个命令获取单个或一批git存储库的更多信息";"其它未归类"
355;"https://www.ctolib.com/soywod-vim-keepeye.html"" data-toggle=""tooltip"" data-placement=""bottom"" data-html=""true"" title="""" data-original-title=""KeepEye 一个提醒你让眼睛休息一下的Vim插件";"KeepEye 一个提醒你让眼睛休息一下的Vim插件";"其它未归类"
356;"https://www.ctolib.com/micromanage.html"" data-toggle=""tooltip"" data-placement=""bottom"" data-html=""true"" title="""" data-original-title=""Beamery Micromanage - 微服务帮助框架| 轻松管理多个存储库和项目";"Beamery Micromanage - 微服务帮助框架| 轻松管理多个存储库和项目";"其它未归类"
357;"https://www.ctolib.com/connorholyday-vim-snazzy.html"" data-toggle=""tooltip"" data-placement=""bottom"" data-html=""true"" title="""" data-original-title=""优雅的vim主题与明亮的色彩";"优雅的vim主题与明亮的色彩";"其它未归类"
358;"https://www.ctolib.com/messutied-colors-sh.html"" data-toggle=""tooltip"" data-placement=""bottom"" data-html=""true"" title="""" data-original-title=""?? Colors.sh 可以帮助您将颜色和格式添加到您的bash脚本中";"?? Colors.sh 可以帮助您将颜色和格式添加到您的bash脚本中";"其它未归类"
359;"https://www.ctolib.com/eleline-vim.html"" data-toggle=""tooltip"" data-placement=""bottom"" data-html=""true"" title="""" data-original-title=""一个简洁而不简陋的 vim 状态栏插件";"一个简洁而不简陋的 vim 状态栏插件";"其它未归类"
360;"https://www.ctolib.com/smallhadroncollider-ascii-runner.html"" data-toggle=""tooltip"" data-placement=""bottom"" data-html=""true"" title="""" data-original-title=""An infinite runner in your terminal";"An infinite runner in your terminal";"其它未归类"
361;"https://www.ctolib.com/docker-wine-coolq.html";"使用 Wine 在 Docker 容器中运行 酷Q Air / Pro ";"其它未归类"
362;"https://www.ctolib.com/xiaotian45123-ansible-k8s10x_and_k8s11x.html";"ansible一键安装k8s10x和k8s11x";"其它未归类"
363;"https://www.ctolib.com/zhangguanzhang-Kubernetes-ansible.html";"ansible一键部署Kubernetes";"其它未归类"
364;"https://www.ctolib.com/jas502n-CVE-2018-17182.html"" data-toggle=""tooltip"" data-placement=""bottom"" data-html=""true"" title="""" data-original-title=""Linux 内核VMA-UAF 提权漏洞（CVE-2018-17182）,0day";"Linux 内核VMA-UAF 提权漏洞（CVE-2018-17182）,0day";"其它未归类"
365;"https://www.ctolib.com/curl-tap-sh.html";"tap curl in your editor before it gets to sh it";"其它未归类"
366;"https://www.ctolib.com/NicolasPetton-elbank.html"" data-toggle=""tooltip"" data-placement=""bottom"" data-html=""true"" title="""" data-original-title=""Elbank是Emacs的个人财务报告工具,它使用Weboob从银行网站上抓取数据。";"Elbank是Emacs的个人财务报告工具";"其它未归类"
367;"https://www.ctolib.com/dylanaraps-torque.html"" data-toggle=""tooltip"" data-placement=""bottom"" data-html=""true"" title="""" data-original-title=""torque：? 一个用纯bash编写的transmission-daemon TUI客户端";"torque：? 一个用纯bash编写的transmission-daemon TUI客户端";"其它未归类"
368;"https://www.ctolib.com/ghaiklor-backup-my-github.html";"将你所有GitHub public repositories克隆到本地计算机";"其它未归类"
369;"https://www.ctolib.com/clemera-objed.html"" data-toggle=""tooltip"" data-placement=""bottom"" data-html=""true"" title="""" data-original-title=""使用Emacs导航和编辑文本对象&#10;";"使用Emacs导航和编辑文本对象";"其它未归类"
370;"https://www.ctolib.com/paperless.html"" data-toggle=""tooltip"" data-placement=""bottom"" data-html=""true"" title="""" data-original-title=""Paperless - Emacs协助PDF文档归档";"Paperless - Emacs协助PDF文档归档";"其它未归类"
371;"https://www.ctolib.com/zhamlin-tiler-vim.html"" data-toggle=""tooltip"" data-placement=""bottom"" data-html=""true"" title="""" data-original-title=""Vim的平铺窗口管理器";"Vim的平铺窗口管理器";"其它未归类"
372;"https://www.ctolib.com/hubot-mysql-chatops.html";"MySQL ChatOps脚本的一个小集合";"其它未归类"
373;"https://www.ctolib.com/hannob-tlshelpers.html";"tlshelpers 帮助处理X.509证书和TLS问题的shell脚本集合";"其它未归类"
374;"https://www.ctolib.com/nickcernis-iterm2-night-owl.html"" data-toggle=""tooltip"" data-placement=""bottom"" data-html=""true"" title="""" data-original-title=""将VS Code Night Owl主题移植至iTerm2.";"将VS Code Night Owl主题移植至iTerm2.";"其它未归类"
375;"https://www.ctolib.com/vuuihc-bash-guide.html"" data-toggle=""tooltip"" data-placement=""bottom"" data-html=""true"" title="""" data-original-title=""Bash学习指南";"Bash学习指南";"其它未归类"
376;"https://www.ctolib.com/gs3170981-nginx_quick.html";"快速创建nginx反向代理";"其它未归类"
377;"https://www.ctolib.com/mysqldump-secure.html";"Mysqldump-secure 加密mysqldump脚本";"其它未归类"
378;"https://www.ctolib.com/hyperia-sk-memcache-info.html"" data-toggle=""tooltip"" data-placement=""bottom"" data-html=""true"" title="""" data-original-title=""memcache-info以简单高效地方式显示有关Memcache的信息";"memcache-info以简单高效地方式显示有关Memcache的信息";"其它未归类"
379;"https://www.ctolib.com/a1ive-grub2-filemanager.html"" data-toggle=""tooltip"" data-placement=""bottom"" data-html=""true"" title="""" run模块""""="""" data-original-title=""Grub2文件管理器 -- 对GNU/Linux更友好的";"Grub2文件管理器 -- 对GNU/Linux更友好的""RUN模块""";"其它未归类"
380;"https://www.ctolib.com/rootsongjc-istio-handbook.html";"Istio中文指南/服务网格实践手册";"其它未归类"
381;"https://www.ctolib.com/async-bash.html";"async-bash 一个实现少量异步函数的bash脚本";"其它未归类"
382;"https://www.ctolib.com/coverage-vim.html";"代码覆盖率vim插件";"其它未归类"
383;"https://www.ctolib.com/jgamblin-AWSScripts.html";"各种自动化的AWS脚本";"其它未归类"
384;"https://www.ctolib.com/mysql-compatibility-config.html";"mysql-compatibility-config - 使MySQL配置表现更像更新(或以上)的MySQL版本";"其它未归类"
385;"https://www.ctolib.com/emitterb.html";"Emitter是一个bash的事件侦听器";"其它未归类"
386;"https://www.ctolib.com/lesspass.html";"LessPass 开源的密码管理工具";"基于命令行的应用程序或对访问现有服务的命令行。"
387;"https://www.ctolib.com/wego.html"" data-toggle=""tooltip"" data-placement=""bottom"" data-html=""true"" title="""" data-original-title=""wego - 是一个用于终端天气应用";"wego - 是一个用于终端天气应用";"基于命令行的应用程序或对访问现有服务的命令行。"
388;"https://www.ctolib.com/bashblog.html"" data-toggle=""tooltip"" data-placement=""bottom"" data-html=""true"" title="""" data-original-title=""bashblog - 一个Bash脚本用于创建博客。下载、运行和写作。";"bashblog - 一个Bash脚本用于创建博客。下载、运行和写作。";"基于命令行的应用程序或对访问现有服务的命令行。"
389;"https://www.ctolib.com/vim-chat.html"" data-toggle=""tooltip"" data-placement=""bottom"" data-html=""true"" title="""" data-original-title=""linux 下 使用neovim和vim8聊qq以及微信";"linux 下 使用neovim和vim8聊qq以及微信";"基于命令行的应用程序或对访问现有服务的命令行。"
390;"https://www.ctolib.com/fanyi.html"" data-toggle=""tooltip"" data-placement=""bottom"" data-html=""true"" title="""" data-original-title=""fanyi - 在终端英汉翻译工具";"fanyi - 在终端英汉翻译工具";"基于命令行的应用程序或对访问现有服务的命令行。"
391;"https://www.ctolib.com/hn-cli.html"" data-toggle=""tooltip"" data-placement=""bottom"" data-html=""true"" title="""" data-original-title=""hn-cli - 在你的终端中浏览Hacker News";"hn-cli - 在你的终端中浏览Hacker News";"基于命令行的应用程序或对访问现有服务的命令行。"
392;"https://www.ctolib.com/ansiweather.html"" data-toggle=""tooltip"" data-placement=""bottom"" data-html=""true"" title="""" data-original-title=""ansiweather - 在你的终端展示天气，包含ANSI着色和Unicode符号";"ansiweather - 在你的终端展示天气，包含ANSI着色和Unicode符号";"基于命令行的应用程序或对访问现有服务的命令行。"
393;"https://www.ctolib.com/pushbullet-bash.html";"pushbullet-bash - PushBullet API的一个Bash接口";"基于命令行的应用程序或对访问现有服务的命令行。"
394;"https://www.ctolib.com/vertebra.html";"Vertebra可用于云的自动化，还可用于编写分布式的、实时的应用";"基于命令行的应用程序或对访问现有服务的命令行。"
395;"https://www.ctolib.com/Fakerr-goto.html"" data-toggle=""tooltip"" data-placement=""bottom"" data-html=""true"" title="""" shell"":5092}""="""" data-original-title=""Goto 使用简约的基于char的决策树导航长命令行.###{";"Goto 快速命令行导航";"基于命令行的应用程序或对访问现有服务的命令行。"
396;"https://www.ctolib.com/whereamia.html";"whereami - 从CLI取得你的地理位置信息";"基于命令行的应用程序或对访问现有服务的命令行。"
397;"https://www.ctolib.com/pushblast.html"" data-toggle=""tooltip"" data-placement=""bottom"" data-html=""true"" title="""" data-original-title=""pushblast - 当一个shell程序退出时获取PushBullet通知";"pushblast - 当一个shell程序退出时获取PushBullet通知";"基于命令行的应用程序或对访问现有服务的命令行。"
398;"https://www.ctolib.com/AndrewRadev-deleft-vim.html"" data-toggle=""tooltip"" data-placement=""bottom"" data-html=""true"" title="""" data-original-title=""此插件允许您删除包装if-clauses，try-catch块和类似结构";"此插件允许您删除包装if-clauses，try-catch块和类似结构";"基于命令行的应用程序或对访问现有服务的命令行。"
399;"https://www.ctolib.com/vl.html";"vl - 在文本文档中的URL链接检查器CLI";"基于命令行的应用程序或对访问现有服务的命令行。"
400;"https://www.ctolib.com/JamesTheHacker-passman.html";"PassMan 一个安全，易于使用的密码管理器";"基于命令行的应用程序或对访问现有服务的命令行。"
401;"https://www.ctolib.com/mafia_cli.html";"新的tg telegram-cli";"基于命令行的应用程序或对访问现有服务的命令行。"
402;"https://www.ctolib.com/git-openg.html";"git-open 在你的终端中打开你的github项目页";"基于命令行的应用程序或对访问现有服务的命令行。"
403;"https://www.ctolib.com/isitup.html";"isitup - 检查一个网站访问是否正常";"基于命令行的应用程序或对访问现有服务的命令行。"
404;"https://www.ctolib.com/X3TOX2X1.html";"Mac环境下使用x3图片批量生成x2、x1图片";"基于命令行的应用程序或对访问现有服务的命令行。"
405;"https://www.ctolib.com/Android-Kitchen.html";"Android-Kitchen一个基于文本的kitchen用于定制Android ROM";"处理视频和音频文件的工具。"
406;"https://www.ctolib.com/ImageScraper.html";"image-scraper - 一个高性能、易于使用多线程的命令行工具,从给定的网页下载图像";"处理视频和音频文件的工具。"
407;"https://www.ctolib.com/gifgen.html"" data-toggle=""tooltip"" data-placement=""bottom"" data-html=""true"" title="""" data-original-title=""gifgen - 简单的高质量GIF格式编码";"gifgen - 简单的高质量GIF格式编码";"处理视频和音频文件的工具。"
408;"https://www.ctolib.com/sejda.html";"sejda - 命令行操作PDF文档(支持分离、合并、旋转、转换为jpg,提取文本)";"处理视频和音频文件的工具。"
409;"https://www.ctolib.com/adb-export.html";"adb-export - 导出Android content providers成CSV格式";"处理视频和音频文件的工具。"
410;"https://www.ctolib.com/nehm.html"" data-toggle=""tooltip"" data-placement=""bottom"" data-html=""true"" title="""" data-original-title=""nehm - 提供便利的方式通过终端从SoundCloud下载歌曲 (并将它们添加至iTunes)";"nehm - 提供便利的方式通过终端从SoundCloud下载歌曲 (并将它们添加至iTunes)";"处理视频和音频文件的工具。"
411;"https://www.ctolib.com/cloc.html";"cloc - 编统计代码的行数";"开发，版本控制和部署的命令行"
412;"https://www.ctolib.com/ufoym-deepo.html"" data-toggle=""tooltip"" data-placement=""bottom"" data-html=""true"" title="""" data-original-title=""Deepo：开箱即用的深度学习Docker镜像，集十余种深度学习框架于一身：theano, tensorflow, sonnet, pytorch, keras, lasagne, mxnet, cntk, chainer, caffe, torch。";"Deepo：开箱即用的深度学习Docker镜像，集十余种深度学习框架于一身";"开发，版本控制和部署的命令行"
413;"https://www.ctolib.com/asdf-vm-asdf.html";"可扩展的版本管理器，支持Ruby，Node.js，Elixir，Erlang等";"开发，版本控制和部署的命令行"
414;"https://www.ctolib.com/JrCs-docker-letsencrypt-nginx-proxy-companion.html";"一个用于nginx-proxy的轻量级协同容器，它能够自动创建/更新LetsEncrypt 证书";"开发，版本控制和部署的命令行"
415;"https://www.ctolib.com/sdras-awesome-actions.html"" data-toggle=""tooltip"" data-placement=""bottom"" data-html=""true"" title="""" data-original-title=""awesome-actions 收集并整理了 GitHub Actions 相关的资料与教程，帮助开发者更好的使用 GitHub Actions 来优化当前工作流，提升开发效率";"awesome-actions 收集并整理了 GitHub Actions 相关的资料与教程";"开发，版本控制和部署的命令行"
416;"https://www.ctolib.com/dokku.html";"dokku -  一个基于Docker的PaaS能够帮助你构建和管理应用程序的生命周期";"开发，版本控制和部署的命令行"
417;"https://www.ctolib.com/git-extras.html";"git-extras - Git工具包括repo综述, repl, 变更日志population, 作者commit百分比";"开发，版本控制和部署的命令行"
418;"https://www.ctolib.com/git-sh.html";"git-sh - 一个定制的bash环境适合git的工作";"开发，版本控制和部署的命令行"
419;"https://www.ctolib.com/SoftwareMansion-jsc-android-buildscripts.html";"针对Android的JavaScriptCore构建脚本";"开发，版本控制和部署的命令行"
420;"https://www.ctolib.com/shipita.html"" data-toggle=""tooltip"" data-placement=""bottom"" data-html=""true"" title="""" data-original-title=""shipit - 简约的SSH部署";"shipit - 简约的SSH部署";"开发，版本控制和部署的命令行"
421;"https://www.ctolib.com/baverman-vial-http.html"" data-toggle=""tooltip"" data-placement=""bottom"" data-html=""true"" title="""" data-original-title="" Vial-Http - 用于Vim的简单HTTP REST工具";" Vial-Http - 用于Vim的简单HTTP REST工具";"开发，版本控制和部署的命令行"
422;"https://www.ctolib.com/git-extra-commands.html";"git-extra-commands - 许多Git额外的工具，包括Churn, cut-branch, 改进的合并等";"开发，版本控制和部署的命令行"
423;"https://www.ctolib.com/Vimv.html"" data-toggle=""tooltip"" data-placement=""bottom"" data-html=""true"" title="""" data-original-title=""一键化打造 Vim IDE 环境(自动生成头信息，自动补全，自动折叠，自动生成 markdown 目录) VIM IDE部署方法 部署方法很简单  ";"一键化打造Vim IDE环境(自动生成头信息，自动补全，自动折叠，自动生成markdown目录)";"开发，版本控制和部署的命令行"
424;"https://www.ctolib.com/git-semvera.html";"git-semver - 语义版本控制和变更验证的Git插件";"开发，版本控制和部署的命令行"
425;"https://www.ctolib.com/gallery_shell.html"" data-toggle=""tooltip"" data-placement=""bottom"" data-html=""true"" title="""" data-original-title=""一个Bash脚本用于生成静态响应式的web相册";"一个Bash脚本用于生成静态响应式的web相册";"开发，版本控制和部署的命令行"
426;"https://www.ctolib.com/powerline-powerline.html";" Powerline：Vim 和 Bash 中的一个强大状态栏插件";"开发，版本控制和部署的命令行"
427;"https://www.ctolib.com/repren.html";"repren - 命令行搜索替换和重命名瑞士军刀";"开发，版本控制和部署的命令行"
428;"https://www.ctolib.com/thoughtbot-laptop.html";"Laptop 一个用于为Web和移动开发的搭建一个macOS laptop的shell脚本";"开发，版本控制和部署的命令行"
429;"https://www.ctolib.com/getopts.html";"getopts - fish的命令行选项解析器";"开发，版本控制和部署的命令行"
430;"https://www.ctolib.com/pglite.html";"一个小 (~100 line) shell脚本用来管理Postgres数据库";"开发，版本控制和部署的命令行"
431;"https://www.ctolib.com/cloudnativelabs-kube-shell.html"" data-toggle=""tooltip"" data-placement=""bottom"" data-html=""true"" title="""" data-original-title=""Kubernetes shell: 一个与Kubernetes CLI一起使用的集成shell";"Kubernetes shell: 一个与Kubernetes CLI一起使用的集成shell";"开发，版本控制和部署的命令行"
432;"https://www.ctolib.com/git-open.html"" data-toggle=""tooltip"" data-placement=""bottom"" data-html=""true"" title="""" data-original-title=""git-open - 输入`git open`就能够在你的浏览器中打开一个仓库的GitHub页面或网站";"git-open - 输入`git open`就能够在你的浏览器中打开一个仓库的GitHub页面或网站";"开发，版本控制和部署的命令行"
433;"https://www.ctolib.com/sub.html";"sub - 一个美味的组织程序的方式";"开发，版本控制和部署的命令行"
434;"https://www.ctolib.com/komputer-maschine.html";"一个shell脚本,让您的机器具备设计和开发的条件";"开发，版本控制和部署的命令行"
435;"https://www.ctolib.com/vim-auto-programming.html"" data-toggle=""tooltip"" data-placement=""bottom"" data-html=""true"" title="""" data-original-title=""vim-auto-programming：提供统计整个git项目行数";"vim-auto-programming：提供统计整个git项目行数";"开发，版本控制和部署的命令行"
436;"https://www.ctolib.com/bruj0-jenkins_pipeline.html"" data-toggle=""tooltip"" data-placement=""bottom"" data-html=""true"" title="""" data-original-title=""使用CoreOS / Docker / Jenkins进行精益持续部署，测试和集成管道";"使用CoreOS / Docker / Jenkins进行精益持续部署，测试和集成管道";"开发，版本控制和部署的命令行"
437;"https://www.ctolib.com/myrepos.html";"mr - 一个工具来管理你所有的版本控制Repository";"开发，版本控制和部署的命令行"
438;"https://www.ctolib.com/hwdsl2-setup-ipsec-vpn.html";"IPsec VPN 服务器一键安装脚本";"搜索，书签，多路复用和其他工具，使您的终端体验更有效率。"
439;"https://www.ctolib.com/enhancd.html"" data-toggle=""tooltip"" data-placement=""bottom"" data-html=""true"" title="""" data-original-title=""enhancd - ?新一代cd命令拥有一个交互式过滤器";"enhancd - ?新一代cd命令拥有一个交互式过滤器";"搜索，书签，多路复用和其他工具，使您的终端体验更有效率。"
440;"https://www.ctolib.com/KDAB-hotspot.html"" data-toggle=""tooltip"" data-placement=""bottom"" data-html=""true"" title="""" data-original-title=""Hotspot - Linux 的图形界面性能分析器";"Hotspot - Linux的图形界面性能分析器";"搜索，书签，多路复用和其他工具，使您的终端体验更有效率。"
441;"https://www.ctolib.com/spot.html"" data-toggle=""tooltip"" data-placement=""bottom"" data-html=""true"" title="""" data-original-title=""spot - 一个很小的文件搜索工具(bash)";"spot - 一个很小的文件搜索工具(bash)";"搜索，书签，多路复用和其他工具，使您的终端体验更有效率。"
442;"https://www.ctolib.com/bd.html"" data-toggle=""tooltip"" data-placement=""bottom"" data-html=""true"" title="""" cd="""" ..="""" ..""""="""" data-original-title=""bd - 在linux中快速回到一个父目录，代替反复敲打";"bd - 在linux中快速回到一个父目录";"搜索，书签，多路复用和其他工具，使您的终端体验更有效率。"
443;"https://www.ctolib.com/cantino-mcfly.html"" data-toggle=""tooltip"" data-placement=""bottom"" data-html=""true"" title="""" data-original-title=""Fly through your shell history. Great Scott!";"McFly - Bash历史命令高效搜索重用工具";"搜索，书签，多路复用和其他工具，使您的终端体验更有效率。"
444;"https://www.ctolib.com/aqzt-kjyw.html";"快捷运维，项目基于shell、python，运维脚本工具库";"搜索，书签，多路复用和其他工具，使您的终端体验更有效率。"
445;"https://www.ctolib.com/qfc.html"" data-toggle=""tooltip"" data-placement=""bottom"" data-html=""true"" title="""" data-original-title=""qfc - Bash和Zsh的快速命令行文件完成";"qfc - Bash和Zsh的快速命令行文件完成";"搜索，书签，多路复用和其他工具，使您的终端体验更有效率。"
446;"https://www.ctolib.com/bestswifter-macbootstrap.html";"新 Mac 开发的，快速配置开发环境的脚本";"搜索，书签，多路复用和其他工具，使您的终端体验更有效率。"
447;"https://www.ctolib.com/wulabing-V2Ray_ws-tls_bash_onekey.html";"V2Ray 基于 Nginx 的vmess+ws+tls 一键安装脚本";"搜索，书签，多路复用和其他工具，使您的终端体验更有效率。"
448;"https://www.ctolib.com/shml.html";"SHML - 终端的样式框架(Shell Markup Language)";"搜索，书签，多路复用和其他工具，使您的终端体验更有效率。"
449;"https://www.ctolib.com/v.html";"v - z for vim";"搜索，书签，多路复用和其他工具，使您的终端体验更有效率。"
450;"https://www.ctolib.com/hhighlighter.html"" data-toggle=""tooltip"" data-placement=""bottom"" data-html=""true"" title="""" data-original-title=""hhighlighter - 一个小工具来用不同的颜色高亮命令行输出中的多个关键字";"hhighlighter - 一个小工具来用不同的颜色高亮命令行输出中的多个关键字";"搜索，书签，多路复用和其他工具，使您的终端体验更有效率。"
451;"https://www.ctolib.com/z.html";"z - z is the new j, yo";"搜索，书签，多路复用和其他工具，使您的终端体验更有效率。"
452;"https://www.ctolib.com/sheet.html";"sheet - 实现轻松地创建和访问终端的文本片段";"搜索，书签，多路复用和其他工具，使您的终端体验更有效率。"
453;"https://www.ctolib.com/commacd.html";"commacd - 在Bash中一个种更快的方法来move around";"搜索，书签，多路复用和其他工具，使您的终端体验更有效率。"
454;"https://www.ctolib.com/slugifys.html";"slugify - Bash命令能够将文件名和目录转成一个web友好的格式";"搜索，书签，多路复用和其他工具，使您的终端体验更有效率。"
455;"https://www.ctolib.com/aliases.html";"aliases - 为bash提供上下文、动态、分组的别名";"搜索，书签，多路复用和其他工具，使您的终端体验更有效率。"
456;"https://www.ctolib.com/smans.html"" data-toggle=""tooltip"" data-placement=""bottom"" data-html=""true"" title="""" data-original-title=""sman - ? 一个命令行代码段管理器";"sman - ? 一个命令行代码段管理器";"搜索，书签，多路复用和其他工具，使您的终端体验更有效率。"
457;"https://www.ctolib.com/sparks.html";"spark - 在你的shell生成走势图▁▂▃▅▂▇";"搜索，书签，多路复用和其他工具，使您的终端体验更有效率。"
458;"https://www.ctolib.com/shark.html";"Shark - 一个针对fish的Sparkline生成器▁▂▃▅";"搜索，书签，多路复用和其他工具，使您的终端体验更有效率。"
459;"https://www.ctolib.com/c9s-vikube-vim.html"" data-toggle=""tooltip"" data-placement=""bottom"" data-html=""true"" title="""" data-original-title=""Vikube - 在Vim中从Vim操作Kubernetes Cluster";"Vikube - 在Vim中从Vim操作Kubernetes Cluster";"搜索，书签，多路复用和其他工具，使您的终端体验更有效率。"
460;"https://www.ctolib.com/autoenv.html"" data-toggle=""tooltip"" data-placement=""bottom"" data-html=""true"" title="""" data-original-title=""autoenv - 基于目录的环境";"autoenv - 基于目录的环境";"搜索，书签，多路复用和其他工具，使您的终端体验更有效率。"
461;"https://www.ctolib.com/fasd.html";"fasd - 命令行生产率助推器，提供了快速访问文件和目录";"搜索，书签，多路复用和其他工具，使您的终端体验更有效率。"
462;"https://www.ctolib.com/desk.html"" data-toggle=""tooltip"" data-placement=""bottom"" data-html=""true"" title="""" data-original-title=""desk - 一个用于shell的轻量级工作空间管理器";"desk - 一个用于shell的轻量级工作空间管理器";"搜索，书签，多路复用和其他工具，使您的终端体验更有效率。"
463;"https://www.ctolib.com/oldratlee-useful-scripts.html"" data-toggle=""tooltip"" data-placement=""bottom"" data-html=""true"" title="""" data-original-title=""有自己用的好的脚本 或是 平时常用但没有写成脚本的功能";"? 把平时有用的手动操作做成脚本，这样可以便捷的使用。 ✨";"搜索，书签，多路复用和其他工具，使您的终端体验更有效率。"
464;"https://www.ctolib.com/borgs.html"" data-toggle=""tooltip"" data-placement=""bottom"" data-html=""true"" title="""" data-original-title=""borg - 基于终端的bash命令搜索引擎";"borg - 基于终端的bash命令搜索引擎";"搜索，书签，多路复用和其他工具，使您的终端体验更有效率。"
465;"https://www.ctolib.com/thameera-vimv.html"" data-toggle=""tooltip"" data-placement=""bottom"" data-html=""true"" title="""" data-original-title=""vimv是一个基于终端的文件重命名实用程序，可让您轻松地使用Vim批量重命名文件。";"vimv是一个使用Vim批量重命名文件的工具";"搜索，书签，多路复用和其他工具，使您的终端体验更有效率。"
466;"https://www.ctolib.com/Sudocabulary.html"" data-toggle=""tooltip"" data-placement=""bottom"" data-html=""true"" title="""" data-original-title=""sudocabulary - 从您的终端学习英语词汇";"sudocabulary - 从您的终端学习英语词汇";"搜索，书签，多路复用和其他工具，使您的终端体验更有效率。"
467;"https://www.ctolib.com/aaronkjones-noobs-term.html"" data-toggle=""tooltip"" data-placement=""bottom"" data-html=""true"" title="""" data-original-title=""Noobs Terminal是一个新手的终端配置，包含优秀终端程序，软件包和配置";"Noobs Terminal是一个新手的终端配置，包含优秀终端程序，软件包和配置";"搜索，书签，多路复用和其他工具，使您的终端体验更有效率。"
468;"https://www.ctolib.com/actions-bin.html";"用于开发和运行GitHub Actions的实用程序集合";"搜索，书签，多路复用和其他工具，使您的终端体验更有效率。"
469;"https://www.ctolib.com/bashmarks.html";"bashmarks - 用于shell的目录书签 ";"搜索，书签，多路复用和其他工具，使您的终端体验更有效率。"
470;"https://www.ctolib.com/hr.html";"hr: 为你的终端提供一个水平标尺";"搜索，书签，多路复用和其他工具，使您的终端体验更有效率。"
471;"https://www.ctolib.com/i5ting-i5ting-mac-init.html"" data-toggle=""tooltip"" data-placement=""bottom"" data-html=""true"" title="""" data-original-title=""自己Mac电脑初始化的安装脚本";"自己Mac电脑初始化的安装脚本";"搜索，书签，多路复用和其他工具，使您的终端体验更有效率。"
472;"https://www.ctolib.com/sunaku-vim-modusline.html"" data-toggle=""tooltip"" data-placement=""bottom"" data-html=""true"" title="""" data-original-title=""此插件为您的Vim状态行提供特定于模式的着色，以便您可以通过视觉（通过颜色）区分Vim当前所处的模式。";"modusline: 通过颜色区分Vim当前所处模式的插件";"搜索，书签，多路复用和其他工具，使您的终端体验更有效率。"
473;"https://www.ctolib.com/anymb-k8s_init.html"" data-toggle=""tooltip"" data-placement=""bottom"" data-html=""true"" title="""" data-original-title=""本工具使用ansible playbook初始化系统配置、安装k8s高可用集群，并可进行节点扩容、替换集群证书等。";"k8s一键部署、扩容playbook";"搜索，书签，多路复用和其他工具，使您的终端体验更有效率。"
474;"https://www.ctolib.com/andystive-onekey_LAMP_source.html";"centos7 源码包安装lamp脚本";"搜索，书签，多路复用和其他工具，使您的终端体验更有效率。"
475;"https://www.ctolib.com/up.html";"up - 快速导航到父目录通过tab补齐，可用于bash和zsh";"搜索，书签，多路复用和其他工具，使您的终端体验更有效率。"
476;"https://www.ctolib.com/aliasme.html";"aliasme - 一个shell脚本用于在命令行中组织你的别名";"搜索，书签，多路复用和其他工具，使您的终端体验更有效率。"
477;"https://www.ctolib.com/joereynolds-place-vim.html"" data-toggle=""tooltip"" data-placement=""bottom"" data-html=""true"" title="""" data-original-title=""place.vim允许您在不移动光标的情况下将插入内容添加到文本中";"place.vim允许您在不移动光标的情况下将插入内容添加到文本中";"搜索，书签，多路复用和其他工具，使您的终端体验更有效率。"
478;"https://www.ctolib.com/snips.html";"snips - 一个命令行工具来管理代码片段";"搜索，书签，多路复用和其他工具，使您的终端体验更有效率。"
479;"https://www.ctolib.com/ShadowsocksWizards.html";"一个为 Ubuntu Server 准备的引导式 Shadowsocks 自动安装脚本";"搜索，书签，多路复用和其他工具，使您的终端体验更有效率。"
480;"https://www.ctolib.com/foxy.html";"foxy - 一个简单的脚本用来处理存储在一个txt文件中的书签";"搜索，书签，多路复用和其他工具，使您的终端体验更有效率。"
481;"https://www.ctolib.com/ks.html";"k alias - 获得kool别名(或者更多)使用一个简单的一行程序";"搜索，书签，多路复用和其他工具，使您的终端体验更有效率。"
482;"https://www.ctolib.com/vincheung-mac.html";"一个前端开发工程师的 mac 装机";"搜索，书签，多路复用和其他工具，使您的终端体验更有效率。"
483;"https://www.ctolib.com/jayli-vim-easycomplete.html"" data-toggle=""tooltip"" data-placement=""bottom"" data-html=""true"" title="""" data-original-title=""Vim-EasyComplete - 一个简单轻便的 VIM 自动补全插件";"Vim-EasyComplete - 一个简单轻便的 VIM 自动补全插件";"搜索，书签，多路复用和其他工具，使您的终端体验更有效率。"
484;"https://www.ctolib.com/12345bt-12345bt-github-io.html";"linux 各类一键安装脚本，懒人用懒办法";"搜索，书签，多路复用和其他工具，使您的终端体验更有效率。"
485;"https://www.ctolib.com/AwesomeCompileScript.html";"用于加速编译Shell脚本";"搜索，书签，多路复用和其他工具，使您的终端体验更有效率。"
486;"https://www.ctolib.com/shortcut-redis-cli.html";"shortcut-redis-cli.sh:通用redis-cli终端运维管理快捷连接脚本";"搜索，书签，多路复用和其他工具，使您的终端体验更有效率。"
487;"https://www.ctolib.com/icoolworld-shell.html";"一些常用的shell脚本，用于webserver的服务安装，线上代码发布推送等";"搜索，书签，多路复用和其他工具，使您的终端体验更有效率。"
488;"https://www.ctolib.com/vim-utils.html";"Some practical functions script for vim. // 一些vim常用的功能脚本";"搜索，书签，多路复用和其他工具，使您的终端体验更有效率。"
489;"https://www.ctolib.com/HanekawaHiro-doubiBackup.html";" 一些常用Linux软件一键安装管理脚本";"搜索，书签，多路复用和其他工具，使您的终端体验更有效率。"
490;"https://www.ctolib.com/johngrib-vim-game-code-break.html"" data-toggle=""tooltip"" data-placement=""bottom"" data-html=""true"" title="""" data-original-title=""VimGameCodeBreak是vim 8.0中的破坏代码游戏";"VimGameCodeBreak是vim 8.0中的破坏代码游戏";"命令行游戏"
491;"https://www.ctolib.com/bash2048.html";"bash2048 - Bash实现的2048游戏";"命令行游戏"
492;"https://www.ctolib.com/street-fighter-motd.html"" data-toggle=""tooltip"" data-placement=""bottom"" data-html=""true"" title="""" data-original-title=""街头霸王MOTDs";"街头霸王MOTDs";"命令行游戏"
493;"https://www.ctolib.com/sfb.html";"sfb -- 采用GNU sed编写的Flappy Bird ";"命令行游戏"
494;"https://www.ctolib.com/OpenVPN-install.html"" data-toggle=""tooltip"" data-placement=""bottom"" data-html=""true"" title="""" data-original-title=""一个针对Debian, Ubuntu和CentOS系统改进的OpenVPN安装程序";"一个针对Debian, Ubuntu和CentOS系统改进的OpenVPN安装程序";"操作系统相关工具，包括系统管理，系统调试，文件和过程管理。"
495;"https://www.ctolib.com/trailofbits-algo.html";"Algo – 在云中搭建个人IPSEC VPN";"操作系统相关工具，包括系统管理，系统调试，文件和过程管理。"
496;"https://www.ctolib.com/pi-hole-pi-hole.html"" data-toggle=""tooltip"" data-placement=""bottom"" data-html=""true"" title="""" data-original-title=""它能够拦截所有设备的广告，而无需安装客户端软件。 Pi-hole™阻止DNS级别的广告，因此所有设备都能受到保护。";"Pi-hole：一个支持多平台、全网范围的广告拦截工具";"操作系统相关工具，包括系统管理，系统调试，文件和过程管理。"
497;"https://www.ctolib.com/alexanderepstein-Bash-Snippets.html"" data-toggle=""tooltip"" data-placement=""bottom"" data-html=""true"" title="""" data-original-title=""Bash-Snippets: 为重度终端用户提供的小型 bash 脚本集合";"Bash-Snippets: 为重度终端用户提供的小型 bash 脚本集合";"操作系统相关工具，包括系统管理，系统调试，文件和过程管理。"
498;"https://www.ctolib.com/MisterTea-EternalTCP.html";"Eternal Terminal 一个远程shell，在不中断会话的情况下自动重新连接";"操作系统相关工具，包括系统管理，系统调试，文件和过程管理。"
499;"https://www.ctolib.com/notes.html"" data-toggle=""tooltip"" data-placement=""bottom"" data-html=""true"" title="""" data-original-title=""实现简单愉快得记笔记，没有锁定";"实现简单愉快得记笔记，没有锁定";"操作系统相关工具，包括系统管理，系统调试，文件和过程管理。"
500;"https://www.ctolib.com/argos.html";"Argos – 在GNOME Shell面板中显示任意程序的输出";"操作系统相关工具，包括系统管理，系统调试，文件和过程管理。"
501;"https://www.ctolib.com/shinatra.html";"Shinatra - 只用55行bash脚本实现的一个简单的web服务器";"操作系统相关工具，包括系统管理，系统调试，文件和过程管理。"
502;"https://www.ctolib.com/vim-chat-vim-chat.html"" data-toggle=""tooltip"" data-placement=""bottom"" data-html=""true"" title="""" data-original-title=""QQ 和微信的支持需要安装额外的包，包括 mojo-webqq 和 mojo-weixin 此外，还需要安装 irssi，这是一个 irc 聊天工具; feh 这是一个浏览图片的工具。";"vim-chat 用于neovim和vim8的聊天插件";"操作系统相关工具，包括系统管理，系统调试，文件和过程管理。"
503;"https://www.ctolib.com/quick-secure.html";"quick-secure - 用于UNIX/Linux系统的硬化和安全设置基本权限与所有权";"操作系统相关工具，包括系统管理，系统调试，文件和过程管理。"
504;"https://www.ctolib.com/d4m-nfs.html"" data-toggle=""tooltip"" data-placement=""bottom"" data-html=""true"" title="""" data-original-title=""包含NFS的Docker for Mac用于在osxfs性能改进";"包含NFS的Docker for Mac用于在osxfs性能改进";"操作系统相关工具，包括系统管理，系统调试，文件和过程管理。"
505;"https://www.ctolib.com/4nonimizer.html";"一个bash脚本能够隐藏浏览互联网所使用的公网IP";"操作系统相关工具，包括系统管理，系统调试，文件和过程管理。"
506;"https://www.ctolib.com/jakewmeyer-Geo.html"" data-toggle=""tooltip"" data-placement=""bottom"" data-html=""true"" title="""" data-original-title=""一个用于广域网、局域网、路由器、dns、mac和ip地理位置的简单Bash工具，具有干净的管道输出";"一个用于广域网、局域网、路由器、dns、mac和ip地理位置的简单Bash工具，具有干净的管道输出";"操作系统相关工具，包括系统管理，系统调试，文件和过程管理。"
507;"https://www.ctolib.com/yodo.html";"本地特权升级POC";"操作系统相关工具，包括系统管理，系统调试，文件和过程管理。"
508;"https://www.ctolib.com/XPS15-9550-Sierra.html";"DELL XPS 15 9550 10.12.1 黑苹果";"操作系统相关工具，包括系统管理，系统调试，文件和过程管理。"
509;"https://www.ctolib.com/91yuntest.html";"91云服务器一键测试包";"操作系统相关工具，包括系统管理，系统调试，文件和过程管理。"
510;"https://www.ctolib.com/opsSAM.html";"opsSAM：开源运维管理平台";"操作系统相关工具，包括系统管理，系统调试，文件和过程管理。"
511;"https://www.ctolib.com/ec2gaming.html";"EC2 Gaming on macOS with Steam In-Home Streaming";"操作系统相关工具，包括系统管理，系统调试，文件和过程管理。"
512;"https://www.ctolib.com/gifcap.html";"gifcap是一个shell脚本用于从你的Android设备录制GIFs图片";"操作系统相关工具，包括系统管理，系统调试，文件和过程管理。"
513;"https://www.ctolib.com/MilesCranmer-vim-stream.html";"vims - 使用完整的vim命令代替sed";"操作系统相关工具，包括系统管理，系统调试，文件和过程管理。"
514;"https://www.ctolib.com/procdog.html";"procdog - 轻量级的命令行进程控制";"操作系统相关工具，包括系统管理，系统调试，文件和过程管理。"
515;"https://www.ctolib.com/zsenliao-shellMonitor.html";"一个 Linux 下基于 Bash 的文件和数据库监控及备份工具，可发送微信报警通知";"操作系统相关工具，包括系统管理，系统调试，文件和过程管理。"
516;"https://www.ctolib.com/histstat.html";"histstat - 是一个跨平台的命令行工具用于获取计算机系统实时，基本的网络连接数据";"操作系统相关工具，包括系统管理，系统调试，文件和过程管理。"
517;"https://www.ctolib.com/lestrrat-kubesh.html";"Spawn 特定kubectl上下文（集群）的一个shell";"操作系统相关工具，包括系统管理，系统调试，文件和过程管理。"
518;"https://www.ctolib.com/choosealicense-cli.html"" data-toggle=""tooltip"" data-placement=""bottom"" data-html=""true"" title="""" data-original-title=""choosealicense-cli - 将http://choosealicense.com引入你的终端，可以在你的终端选择一个许可";"choosealicense-cli - 将http://choosealicense.com引入你的终端";"操作系统相关工具，包括系统管理，系统调试，文件和过程管理。"
519;"https://www.ctolib.com/LinNetLim.html";"一个Linux Netlimiting程序";"操作系统相关工具，包括系统管理，系统调试，文件和过程管理。"
520;"https://www.ctolib.com/shell_menu.html"" data-toggle=""tooltip"" data-placement=""bottom"" data-html=""true"" title="""" data-original-title=""日常编写系统安装维护类脚本时经常需要进行统一管理，统一管理的时候会有个难题，就是需要编写菜单等，同时新加功能后，还需要对菜单文件进行维护，同时对脚本的分类管理也是个难题。 ";"统一管理脚本，可一键生成执行菜单";"操作系统相关工具，包括系统管理，系统调试，文件和过程管理。"
521;"https://www.ctolib.com/teamcrypt.html";"teamcrypt：加密数据以实现队友之间的安全共享";"操作系统相关工具，包括系统管理，系统调试，文件和过程管理。"
522;"https://www.ctolib.com/autorip-sh.html";"Autorip.sh 是一个 Linux/Unix 下的命令行脚本";"操作系统相关工具，包括系统管理，系统调试，文件和过程管理。"
523;"https://www.ctolib.com/whaleai-whaleai-hadoop.html";"提供Hadoop简化的部署方案　WhaleAI 专注人工智能/大数据　";"操作系统相关工具，包括系统管理，系统调试，文件和过程管理。"
524;"https://www.ctolib.com/k8s-deploy.html";"利用CircleCI部署一个k8s集群";"操作系统相关工具，包括系统管理，系统调试，文件和过程管理。"
525;"https://www.ctolib.com/bash-git-prompt.html"" data-toggle=""tooltip"" data-placement=""bottom"" data-html=""true"" title="""" data-original-title=""bash-git-prompt - 一个针对Git用户的多信息的和花俏的bash命令提示符";"bash-git-prompt - 一个针对Git用户的多信息的和花俏的bash命令提示符";"自定义提示，颜色主题等。"
526;"https://www.ctolib.com/Gogh.html"" data-toggle=""tooltip"" data-placement=""bottom"" data-html=""true"" title="""" data-original-title=""Gogh -Gnome终端和Pantheon终端的配色方案";"Gogh -Gnome终端和Pantheon终端的配色方案";"自定义提示，颜色主题等。"
527;"https://www.ctolib.com/sexy-bash-prompt.html"" data-toggle=""tooltip"" data-placement=""bottom"" data-html=""true"" title="""" data-original-title=""sexy-bash-prompt - Bash提示包含着色、git statuses和git分支";"sexy-bash-prompt - Bash提示包含着色、git statuses和git分支";"自定义提示，颜色主题等。"
528;"https://www.ctolib.com/bash-powerline.html"" data-toggle=""tooltip"" data-placement=""bottom"" data-html=""true"" title="""" data-original-title=""bash-powerline - Powerline风格Bash提示符在纯Bash脚本中";"bash-powerline - Powerline风格Bash提示符在纯Bash脚本中";"自定义提示，颜色主题等。"
529;"https://www.ctolib.com/liquidprompt.html"" data-toggle=""tooltip"" data-placement=""bottom"" data-html=""true"" title="""" data-original-title=""liquidprompt - 一个全功能的和精心设计的自动适配Bash &amp; Zsh提示";"liquidprompt - 一个全功能的和精心设计的自动适配Bash &amp; Zsh提示";"自定义提示，颜色主题等。"
530;"https://www.ctolib.com/oh-my-git.html"" data-toggle=""tooltip"" data-placement=""bottom"" data-html=""true"" title="""" data-original-title=""oh-my-git - 一个bash和zsh的自用git prompt";"oh-my-git - 一个bash和zsh的自用git prompt";"自定义提示，颜色主题等。"
531;"https://www.ctolib.com/bullet-train-oh-my-zsh-theme.html"" data-toggle=""tooltip"" data-placement=""bottom"" data-html=""true"" title="""" data-original-title=""bullet-train-oh-my-zsh-theme - ?一个oh-my-zsh shell 主题基于Powerline Vim插件";"bullet-train-oh-my-zsh-theme - ?一个oh-my-zsh shell 主题基于Powerline Vim插件";"自定义提示，颜色主题等。"
532;"https://www.ctolib.com/git-prompt.html";"git-prompt - GIT, SVN和HG模块的bash提示符";"自定义提示，颜色主题等。"
533;"https://www.ctolib.com/emojify.html"" data-toggle=""tooltip"" data-placement=""bottom"" data-html=""true"" title="""" data-original-title=""emojify 命令行中的Emoji";"emojify 命令行中的Emoji";"自定义提示，颜色主题等。"
534;"https://www.ctolib.com/base16-shell.html"" data-toggle=""tooltip"" data-placement=""bottom"" data-html=""true"" title="""" data-original-title=""base16-shell - Base16 for Shells";"base16-shell - Base16 for Shells";"自定义提示，颜色主题等。"
535;"https://www.ctolib.com/bash-full-of-colors.html";"bash-full-of-colors - 高级.bashrc和.bash_profile并拥有彩色输出";"自定义提示，颜色主题等。"
536;"https://www.ctolib.com/mysql-colorize-bash.html"" data-toggle=""tooltip"" data-placement=""bottom"" data-html=""true"" title="""" data-original-title=""mysql-colorize - 彩色化命mysql令行客户端";"mysql-colorize - 彩色化命mysql令行客户端";"自定义提示，颜色主题等。"
537;"https://www.ctolib.com/gittify.html";"gittify - 一个多彩的Bash提示符+自定义的Git别名";"自定义提示，颜色主题等。"
