"id";"title";"link"
1;"Fly拦截全局Ajax请求的方法";"https://www.jb51.net/article/147369.htm"
2;"浅析IE浏览器关于ajax的缓存机制";"https://www.jb51.net/article/146068.htm"
3;"ajax异步读取后台传递回的下拉选项的值方法";"https://www.jb51.net/article/146049.htm"
4;"通过Ajax请求动态填充页面数据的实例";"https://www.jb51.net/article/146045.htm"
5;"ajax动态查询数据库数据并显示在前台的方法";"https://www.jb51.net/article/146040.htm"
6;"ajax实现从后台拿数据显示在HTML前端的方法";"https://www.jb51.net/article/145984.htm"
7;"Ajax实现动态显示并操作表信息的方法";"https://www.jb51.net/article/145978.htm"
8;"快速解决ajax返回值给外部函数的问题";"https://www.jb51.net/article/145971.htm"
9;"解决AJAX返回状态200没有调用success的问题";"https://www.jb51.net/article/145952.htm"
10;"解决ajax请求后台,有时收不到返回值的问题";"https://www.jb51.net/article/145949.htm"
11;"详谈ajax返回数据成功 却进入error的方法";"https://www.jb51.net/article/145947.htm"
12;"ajax获得json对象数组 循环输出数据的方法";"https://www.jb51.net/article/145914.htm"
13;"layui的checbox在Ajax局部刷新下的设置方法";"https://www.jb51.net/article/145613.htm"
14;"使用FormData进行Ajax请求上传文件的实例代码";"https://www.jb51.net/article/145598.htm"
15;"layui Ajax请求给下拉框赋值的实例";"https://www.jb51.net/article/145587.htm"
16;"ajax动态加载json数据并详细解析";"https://www.jb51.net/article/145585.htm"
17;"Ajax获取php返回json数据动态生成select下拉框的实例";"https://www.jb51.net/article/145581.htm"
18;"通过Ajax方式绑定select选项数据的实例";"https://www.jb51.net/article/145576.htm"
19;"ajax请求后台得到json数据后动态生成树形下拉框的方法";"https://www.jb51.net/article/145559.htm"
20;"基于ajax后台返回的数据为空前台显示出现undefined的解决方法";"https://www.jb51.net/article/145449.htm"
21;"快速解决ajax传递为空但显示在页面上为undefined的问题";"https://www.jb51.net/article/145448.htm"
22;"解决ajax的delete、put方法接收不到参数的问题方法";"https://www.jb51.net/article/145442.htm"
23;"AJax 把拿到的后台数据在页面中渲染的实例";"https://www.jb51.net/article/145441.htm"
24;"Select2在使用ajax获取远程数据时显示默认数据的方法";"https://www.jb51.net/article/145369.htm"
25;"layUI ajax加载html页面后重新渲染的方法";"https://www.jb51.net/article/145336.htm"
26;"ajax动态获取数据库中的数据方法";"https://www.jb51.net/article/145296.htm"
27;"解决ajax提交到后台数据成功但返回不走success而走的error问题";"https://www.jb51.net/article/145295.htm"
28;"ajax数据返回进行遍历的实例讲解";"https://www.jb51.net/article/145291.htm"
29;"ajax请求后台接口数据与返回值处理js的实例讲解";"https://www.jb51.net/article/145264.htm"
30;"AJAX 动态加载后台数据 绑定select的方法";"https://www.jb51.net/article/145261.htm"
31;"ajax判断后端返回的数据是否为null的方法";"https://www.jb51.net/article/145249.htm"
32;"ajax处理返回的json格式数据方法";"https://www.jb51.net/article/145227.htm"
33;"解决ajax传过来的值后台接收不到的问题";"https://www.jb51.net/article/145224.htm"
34;"Ajax 接收服务器返回的json响应方法";"https://www.jb51.net/article/145221.htm"
35;"使用ajax接收后台发送过来的json数据方法";"https://www.jb51.net/article/145220.htm"
36;"ajax从JSP传递对象数组到后台的方法";"https://www.jb51.net/article/145176.htm"
37;"Ajax返回的json遍历取值并显示到前台的方法";"https://www.jb51.net/article/145158.htm"
38;"Ajax实现跨域访问最新解决方案";"https://www.jb51.net/article/143725.htm"
39;"Ajax实现图片上传并预览功能";"https://www.jb51.net/article/142708.htm"
40;"ajax实现文件异步上传并回显文件相关信息功能示例";"https://www.jb51.net/article/142599.htm"
41;"ajax与websocket的区别以及websocket常用使用方式 介绍";"https://www.jb51.net/article/142511.htm"
42;"Ajax 动态载入html页面后不能执行其中的js快速解决方法";"https://www.jb51.net/article/142301.htm"
43;"Ajax获取回调函数无法赋值给全局变量的问题";"https://www.jb51.net/article/141710.htm"
44;"AJAX+Servlet实现的数据处理显示功能示例";"https://www.jb51.net/article/141505.htm"
45;"AJAX+JSP实现读取XML内容并按排列显示输出的方法示例";"https://www.jb51.net/article/141500.htm"
46;"关于Ajax异步请求后台数据进行动态分页功能";"https://www.jb51.net/article/141290.htm"
47;"ajax上传图片到PHP并压缩图片显示的方法";"https://www.jb51.net/article/141031.htm"
48;"ajax上传多图到php服务器的方法";"https://www.jb51.net/article/141030.htm"
49;"json获取数据库的信息在前端页面显示方法";"https://www.jb51.net/article/140941.htm"
50;"利用AjaxSubmit()方法实现Form提交表单后回调功能";"https://www.jb51.net/article/140233.htm"
51;"如何解决Ajax的content-download时间过慢问题";"https://www.jb51.net/article/138858.htm"
52;"jquery ajax实现文件上传功能实例代码";"https://www.jb51.net/article/138402.htm"
53;"简单实现ajax拖拽上传文件";"https://www.jb51.net/article/138401.htm"
54;"Echarts教程之通过Ajax实现动态加载折线图的方法";"https://www.jb51.net/article/138079.htm"
55;"ajax中设置contentType: ""application/json""的作用";"https://www.jb51.net/article/137969.htm"
56;"简单实现ajax获取跨域数据";"https://www.jb51.net/article/137806.htm"
57;"通过Ajax进行Post提交Json数据的方法";"https://www.jb51.net/article/137358.htm"
58;"Ajax的原生实现关于MIME类型的使用方法";"https://www.jb51.net/article/136770.htm"
59;"ajax动态赋值echarts的实例(饼图和柱形图)";"https://www.jb51.net/article/135788.htm"
60;"ajax 实现微信网页授权登录的方法";"https://www.jb51.net/article/135764.htm"
61;"基于Ajax和forms组件实现注册功能的实例代码";"https://www.jb51.net/article/135647.htm"
62;"利用ajax提交form表单到数据库详解(无刷新)";"https://www.jb51.net/article/135143.htm"
63;"原生ajax写的上拉加载实例";"https://www.jb51.net/article/134484.htm"
64;"MUi框架ajax请求WebService接口实例";"https://www.jb51.net/article/134077.htm"
65;"Struts2和Ajax数据交互示例详解";"https://www.jb51.net/article/133843.htm"
66;"ajax实现select三级联动效果";"https://www.jb51.net/article/133584.htm"
67;"Ajax请求发送成功但不进success的解决方法";"https://www.jb51.net/article/133174.htm"
68;"ajax实现上传图片保存到后台并读取的实例";"https://www.jb51.net/article/132612.htm"
69;"AJAX请求是否真的不安全？谈一谈Web安全与AJAX的关系";"https://www.jb51.net/article/132099.htm"
70;"ajax实现简单实时验证功能";"https://www.jb51.net/article/131378.htm"
71;"Ajax客户端异步调用服务端的实现方法(js调用cs文件)";"https://www.jb51.net/article/131230.htm"
72;"ajax结合mysql数据库和smarty实现局部数据状态的刷新方法";"https://www.jb51.net/article/131223.htm"
73;"ajax实现改变状态和删除无刷新的实例";"https://www.jb51.net/article/131222.htm"
74;"快速解决ajax请求出错状态码为0的问题";"https://www.jb51.net/article/131198.htm"
75;"关于前端ajax请求的优雅方案（http客户端为axios）";"https://www.jb51.net/article/131009.htm"
76;"ajax跨域获取网站json数据的实例";"https://www.jb51.net/article/130440.htm"
77;"ajax中用josnp接收josn数据的实现方法";"https://www.jb51.net/article/130144.htm"
78;"ajax实现用户名校验的传统和jquery的$.post方式(实例讲解)";"https://www.jb51.net/article/129666.htm"
79;"ajax获取json数据为undefined原因分析";"https://www.jb51.net/article/129409.htm"
80;"ajax和jsonp跨域的原理本质详解";"https://www.jb51.net/article/129325.htm"
81;"Ajax异步检查用户名是否存在";"https://www.jb51.net/article/128986.htm"
82;"Ajax+Servlet实现无刷新下拉联动效果";"https://www.jb51.net/article/128979.htm"
83;"SpringMVC+Ajax实现文件批量上传和下载功能实例代码";"https://www.jb51.net/article/128664.htm"
84;"ajaxFileupload实现多文件上传功能";"https://www.jb51.net/article/128647.htm"
85;"html+ajax实现上传大文件功能";"https://www.jb51.net/article/128094.htm"
86;"基于ajax实现验证码功能";"https://www.jb51.net/article/127778.htm"
87;"FormData+Ajax实现上传进度监控";"https://www.jb51.net/article/127507.htm"
88;"ajax跳转到新的jsp页面的方法";"https://www.jb51.net/article/127267.htm"
89;"ajax实现输入提示效果";"https://www.jb51.net/article/127172.htm"
90;"简单实现ajax三级联动效果";"https://www.jb51.net/article/127106.htm"
91;"四步轻松实现ajax发送异步请求";"https://www.jb51.net/article/126935.htm"
92;"Ajax邮箱、用户名唯一性验证实例代码";"https://www.jb51.net/article/126819.htm"
93;"解决Ajax加载JSon数据中文乱码问题";"https://www.jb51.net/article/126543.htm"
94;"全面解析Ajax和jsonp使用总结";"https://www.jb51.net/article/125793.htm"
95;"django获取ajax的post复杂对象的实现方法";"https://www.jb51.net/article/125550.htm"
96;"ajax获取用户所在地天气的方法";"https://www.jb51.net/article/125513.htm"
97;"AJAX应用实例之检测用户名是否唯一(实例代码)";"https://www.jb51.net/article/124682.htm"
98;"AjaxFileUpload+Struts2实现多文件上传功能";"https://www.jb51.net/article/124489.htm"
99;"AjaxFileUpload结合Struts2实现多文件上传(动态添加文件上传框)";"https://www.jb51.net/article/124485.htm"
100;"使用Ajax局部更新Razor页面的实例代码";"https://www.jb51.net/article/122867.htm"
101;"Ajax请求二进制流进行处理（ajax异步下载文件）的简单方法";"https://www.jb51.net/article/122797.htm"
102;"Ajax上传图片及上传前先预览功能实例代码";"https://www.jb51.net/article/122148.htm"
103;"简单实体类和xml文件的相互转换方法";"https://www.jb51.net/article/121932.htm"
104;"表单上传功能实现 ajax文件异步上传";"https://www.jb51.net/article/121723.htm"
105;"Ajax实现动态加载组合框的实例代码";"https://www.jb51.net/article/121626.htm"
106;"基于Ajaxupload的多文件上传操作";"https://www.jb51.net/article/121210.htm"
107;"kkpager 实现ajax分页查询功能";"https://www.jb51.net/article/120832.htm"
108;"基于CORS实现WebApi Ajax 跨域请求解决方法";"https://www.jb51.net/article/120745.htm"
109;"Ajax 实现网站劫持的检测方法";"https://www.jb51.net/article/120722.htm"
110;"基于apicloudAJAX请求代码合集";"https://www.jb51.net/article/120654.htm"
111;"利用 FormData 对象和 Spring MVC 配合实现Ajax文件下载功能";"https://www.jb51.net/article/120636.htm"
112;"Ajax返回数据之前的loading等待效果";"https://www.jb51.net/article/120633.htm"
113;"关于Ajax中通过response在后台传递数据问题";"https://www.jb51.net/article/120614.htm"
114;"Ajax 配合node js multer 实现文件上传功能";"https://www.jb51.net/article/120450.htm"
115;"Ajax如何进行跨域请求?Ajax跨域请求的原理";"https://www.jb51.net/article/120230.htm"
116;"ajax实现无刷新上传文件功能";"https://www.jb51.net/article/120199.htm"
117;"jQuery Validator验证Ajax提交表单的方法和Ajax传参的方法";"https://www.jb51.net/article/120179.htm"
118;"Ajax异步请求技术实例讲解";"https://www.jb51.net/article/120128.htm"
119;"HTTP报文及ajax基础知识";"https://www.jb51.net/article/120066.htm"
120;"如何手写Ajax实现异步刷新";"https://www.jb51.net/article/119999.htm"
121;"使用Ajax方法实现Form表单的提交及注意事项";"https://www.jb51.net/article/118948.htm"
122;"Ajax的特性及乱码问题";"https://www.jb51.net/article/118915.htm"
123;"关于二次封装jquery ajax办法示例详解";"https://www.jb51.net/article/118641.htm"
124;"基于原生ajax与封装的ajax使用方法(详解)";"https://www.jb51.net/article/118438.htm"
125;"Ajax+php数据交互并且局部刷新页面的实现详解";"https://www.jb51.net/article/118061.htm"
126;"通过history解决ajax不支持前进/后退/刷新的问题";"https://www.jb51.net/article/117961.htm"
127;"AJAX跨域请求数据的四种方法(实例讲解)";"https://www.jb51.net/article/117954.htm"
128;"ajax详解_动力节点Java学院整理";"https://www.jb51.net/article/117897.htm"
129;"Ajax实现漂亮、安全的登录界面";"https://www.jb51.net/article/117831.htm"
130;"使用Ajax实现简单的带百分比进度条实例";"https://www.jb51.net/article/117639.htm"
131;"ajax简介_动力节点Java学院整理";"https://www.jb51.net/article/117555.htm"
132;"JavaScript操作表单_动力节点Java学院整理";"https://www.jb51.net/article/117550.htm"
133;"Ajax实现列表无限加载和二级下拉选项效果";"https://www.jb51.net/article/117453.htm"
134;"Ajax提交表单并接收json实例代码";"https://www.jb51.net/article/117108.htm"
135;"使用Ajax或Easyui等框架时的Json-lib的处理方案";"https://www.jb51.net/article/117060.htm"
136;"AJAX分页效果简单实现";"https://www.jb51.net/article/117024.htm"
137;"详解ajax跨域问题解决方案";"https://www.jb51.net/article/116716.htm"
138;"Ajax + PHP session制作购物车";"https://www.jb51.net/article/116540.htm"
139;"Ajax的用法总结";"https://www.jb51.net/article/116052.htm"
140;"Ajax传递特殊字符的数据如何解决";"https://www.jb51.net/article/115927.htm"
141;"利用ajax传递数组及后台接收的方法详解";"https://www.jb51.net/article/115823.htm"
142;"AJAX实现无刷新检测用户名功能";"https://www.jb51.net/article/115806.htm"
143;"ajax提交数据到后台php接收(实现方法)";"https://www.jb51.net/article/115573.htm"
144;"解决浏览器记住ajax请求并能前进和后退问题";"https://www.jb51.net/article/115551.htm"
145;"配置Chrome支持本地（file协议）的AJAX请求";"https://www.jb51.net/article/115420.htm"
146;"django ajax提交评论并自动刷新功能的实现代码";"https://www.jb51.net/article/115376.htm"
147;"Django Ajax的使用教程";"https://www.jb51.net/article/115367.htm"
148;"javascript请求servlet实现ajax示例(分享)";"https://www.jb51.net/article/115291.htm"
149;"使用getJSON()异步请求服务器返回json格式数据的实现";"https://www.jb51.net/article/115290.htm"
150;"基于fileUpload文件上传带进度条效果的实例(必看)";"https://www.jb51.net/article/115287.htm"
151;"详解Ajax跨域（jsonp） 调用JAVA后台";"https://www.jb51.net/article/114843.htm"
152;"AngularJS tab栏实现和mvc小案例实例详解";"https://www.jb51.net/article/114613.htm"
153;"React+ajax+java实现上传图片并预览功能";"https://www.jb51.net/article/114612.htm"
154;"ajax提交到java后台之后处理数据的实现";"https://www.jb51.net/article/114533.htm"
155;"关于ajax的使用方法_例题、ajax的数据处理";"https://www.jb51.net/article/114519.htm"
156;"ajax实现分页查询功能";"https://www.jb51.net/article/114450.htm"
157;"ajax实现加载数据功能";"https://www.jb51.net/article/114447.htm"
158;"ajax三级联动实现代码";"https://www.jb51.net/article/114434.htm"
159;"js结合json实现ajax简单实例";"https://www.jb51.net/article/114379.htm"
160;"H5移动开发Ajax上传多张Base64格式图片到服务器";"https://www.jb51.net/article/114006.htm"
161;"基于Ajax的formData图片和数据上传";"https://www.jb51.net/article/114003.htm"
162;"原生ajax瀑布流demo分享(必看篇)";"https://www.jb51.net/article/113933.htm"
163;"快速获取Ajax通信对象的方法";"https://www.jb51.net/article/113931.htm"
164;"Ajax上传文件进度条Codular";"https://www.jb51.net/article/113857.htm"
165;"解决spring mvc 返回json数据到ajax报错parseerror问题";"https://www.jb51.net/article/113846.htm"
166;"Ajax实现动态加载数据";"https://www.jb51.net/article/113618.htm"
167;"前端ajax的各种与后端交互的姿势";"https://www.jb51.net/article/113570.htm"
168;"重写 ajax 实现 session 超时跳转到登录页面实例代码";"https://www.jb51.net/article/113351.htm"
169;"Ajax配合Spring实现文件上传功能代码";"https://www.jb51.net/article/113300.htm"
170;"Ajax的简单实用实例代码";"https://www.jb51.net/article/113055.htm"
171;"PHP Ajax实现表格实时编辑";"https://www.jb51.net/article/113027.htm"
172;"简单实现Ajax无刷新分页效果";"https://www.jb51.net/article/112944.htm"
173;"解决IE下AjaxSubmit上传文件提示下载文件问题";"https://www.jb51.net/article/112396.htm"
174;"Ajax 框架之SSM整合框架实现ajax校验";"https://www.jb51.net/article/111932.htm"
175;"Servlet+Ajax实现智能搜索框智能提示功能";"https://www.jb51.net/article/111844.htm"
176;"Ajax serialize() 表单进行序列化方式上传文件";"https://www.jb51.net/article/111722.htm"
177;"使用AJAX实现分页";"https://www.jb51.net/article/111710.htm"
178;"给Ajax返回的HTML标签动态添加样式的方法";"https://www.jb51.net/article/111358.htm"
179;"Ajax跨域请求COOKIE无法带上的完美解决办法";"https://www.jb51.net/article/111355.htm"
180;"巧用ajax请求服务器加载数据列表时提示loading的方法";"https://www.jb51.net/article/111333.htm"
181;"jQuery Ajax显示对号和错号用于验证输入验证码是否正确";"https://www.jb51.net/article/110953.htm"
182;"Ajax和跨域问题深入解析";"https://www.jb51.net/article/110348.htm"
183;"ajax实现修改功能";"https://www.jb51.net/article/110248.htm"
184;"AJAX页面状态保持思路详解";"https://www.jb51.net/article/109922.htm"
185;"Ajax 向数据库修改和添加功能(较简答)";"https://www.jb51.net/article/109823.htm"
186;"使用Ajax时处理用户session失效问题的解决方法";"https://www.jb51.net/article/109717.htm"
187;"基于bootstrap的上传插件fileinput实现ajax异步上传功能(支持多文件上传预览拖拽)";"https://www.jb51.net/article/109659.htm"
188;"在实战中可能碰到的几种ajax请求方法详解";"https://www.jb51.net/article/109274.htm"
189;"jQuery Ajax的readyState和status的区别和使用详解";"https://www.jb51.net/article/108983.htm"
190;"jQuery AJAX中readyState与status的区别与联系";"https://www.jb51.net/article/108977.htm"
191;"ajax分页查询详解";"https://www.jb51.net/article/108934.htm"
192;"ajax实现数据删除、查看详情功能";"https://www.jb51.net/article/108849.htm"
193;"ajax实现分页和分页查询";"https://www.jb51.net/article/108756.htm"
194;"Ajax写分页查询（实现不刷新页面）";"https://www.jb51.net/article/108699.htm"
195;"Ajax实现无刷新分页实例代码";"https://www.jb51.net/article/108663.htm"
196;"ajax编写简单的登录页面";"https://www.jb51.net/article/108363.htm"
197;"ajax三级联动的实现方法";"https://www.jb51.net/article/108351.htm"
198;"ajax三级联动下拉菜单效果";"https://www.jb51.net/article/108346.htm"
199;"SpringMVC+Ajax+拼接html字符串实例代码";"https://www.jb51.net/article/108282.htm"
200;"Ajax删除数据与查看数据操作";"https://www.jb51.net/article/108251.htm"
201;"Ajax bootstrap美化网页并实现页面的加载删除与查看详情";"https://www.jb51.net/article/108245.htm"
202;"Ajax基础与登入教程";"https://www.jb51.net/article/108239.htm"
203;"ECSHOP中实现ajax弹窗登录功能";"https://www.jb51.net/article/108229.htm"
204;"ajax实现页面加载和内容删除";"https://www.jb51.net/article/108144.htm"
205;"ajax实现登录功能";"https://www.jb51.net/article/108098.htm"
206;"Ajax实现phpcms 点赞功能实例代码";"https://www.jb51.net/article/107948.htm"
207;"Servlet 与 Ajax 交互一直报status=parsererror的解决办法";"https://www.jb51.net/article/107869.htm"
208;"Ajax校验是否重复的实现代码";"https://www.jb51.net/article/107600.htm"
209;"Spring MVC前端与后端5种ajax交互方法【总结】";"https://www.jb51.net/article/107472.htm"
210;"ajax+springmvc实现C与View之间的数据交流方法";"https://www.jb51.net/article/107470.htm"
211;"Ajax中post方法直接返回以0开头数字出错问题分析";"https://www.jb51.net/article/107310.htm"
212;"ajax用json实现数据传输";"https://www.jb51.net/article/107302.htm"
213;"Ajax 传递JSON实例代码";"https://www.jb51.net/article/107184.htm"
214;"用Promise解决多个异步Ajax请求导致的代码嵌套问题(完美解决方案)";"https://www.jb51.net/article/106837.htm"
215;"使用Ajax、json实现京东购物车结算界面的数据交互实例";"https://www.jb51.net/article/106793.htm"
216;"基于Blod的ajax进度条下载实现示例代码";"https://www.jb51.net/article/106788.htm"
217;"AjaxSubmit()提交file文件";"https://www.jb51.net/article/106602.htm"
218;"ajax局部刷新实例 (三种方法推荐)";"https://www.jb51.net/article/106396.htm"
219;"Ajax解决多余刷新的两种方法(总结)";"https://www.jb51.net/article/106390.htm"
220;"AJAX跨域请求JSONP获取JSON数据的实例代码";"https://www.jb51.net/article/106318.htm"
221;"Ajax实现城市二级联动（三）";"https://www.jb51.net/article/106129.htm"
222;"Ajax实现城市二级联动（二）";"https://www.jb51.net/article/106121.htm"
223;"Ajax实现城市二级联动（一）";"https://www.jb51.net/article/106115.htm"
224;"Ajax同步和异步问题浅析及解决方法";"https://www.jb51.net/article/106095.htm"
225;"纯JS实现AJAX局部刷新功能";"https://www.jb51.net/article/105997.htm"
226;"ajax响应json字符串和json数组的实例(详解)";"https://www.jb51.net/article/105864.htm"
227;"Ajax 入门之 GET 与 POST 的不同处详解";"https://www.jb51.net/article/105617.htm"
228;"ajax实现三级联动的基本方法";"https://www.jb51.net/article/105539.htm"
229;"ajax实现数据分页查询";"https://www.jb51.net/article/105533.htm"
230;"Ajax与mysql数据交互制作留言板功能（全）";"https://www.jb51.net/article/105257.htm"
231;"细数Ajax请求中的async:false和async:true的差异";"https://www.jb51.net/article/105164.htm"
232;"ajax无刷新评论功能";"https://www.jb51.net/article/105127.htm"
233;"使用ajax实现分页技术";"https://www.jb51.net/article/105061.htm"
234;"Ajax入门学习教程（一）";"https://www.jb51.net/article/104936.htm"
235;"Ajax和$.ajax使用实例详解(推荐)";"https://www.jb51.net/article/104646.htm"
236;"Ajax实现注册并选择头像后上传功能";"https://www.jb51.net/article/104478.htm"
237;"Ajax 设置Access-Control-Allow-Origin实现跨域访问";"https://www.jb51.net/article/104442.htm"
238;"Ajax跨域访问Cookie丢失问题的解决方法";"https://www.jb51.net/article/104440.htm"
239;"Ajax动态为下拉列表添加数据的实现方法";"https://www.jb51.net/article/104144.htm"
240;"AJAX +SpringMVC 实现bootstrap模态框的分页查询功能";"https://www.jb51.net/article/104102.htm"
241;"初学者必看的Ajax总结篇";"https://www.jb51.net/article/103589.htm"
242;"ajax提交手机号去数据库验证并返回状态值";"https://www.jb51.net/article/103564.htm"
243;"完美解决ajax跨域请求下parsererror的错误";"https://www.jb51.net/article/103473.htm"
244;"AJAX如何实现无刷新登录功能";"https://www.jb51.net/article/103286.htm"
245;"用ajax传递json到前台中文出现问号乱码问题的解决办法";"https://www.jb51.net/article/103278.htm"
246;"基于Ajax技术实现无刷新用户登录功能";"https://www.jb51.net/article/103243.htm"
247;"AJAX用于判定用户是否注册";"https://www.jb51.net/article/103106.htm"
248;"ajax实现异步文件或图片上传功能";"https://www.jb51.net/article/102847.htm"
249;"解决微信返回上一页，页面中的AJAX的请求，对Get请求无效的问题";"https://www.jb51.net/article/102605.htm"
250;"使用Ajax进行文件与其他参数的上传功能(java开发)";"https://www.jb51.net/article/102347.htm"
251;"Ajax打开新窗口被浏览器拦截的两种解决办法";"https://www.jb51.net/article/102103.htm"
252;"Ajax提交表单页面刷新很快的解决方法";"https://www.jb51.net/article/101899.htm"
253;"Ajax post请求跳转页面";"https://www.jb51.net/article/101691.htm"
254;"Ajax提交参数的值中带有html标签不能提交成功的解决办法（ASP.NET）";"https://www.jb51.net/article/101268.htm"
255;"使用AJAX完成用户名是否存在异步校验";"https://www.jb51.net/article/101078.htm"
256;"Lavarel框架中使用ajax提交表单的方法";"https://www.jb51.net/article/101021.htm"
257;"Ajax 实现加载进度条";"https://www.jb51.net/article/101007.htm"
258;"Ajax跨域的完美解决方案";"https://www.jb51.net/article/100964.htm"
259;"Ajax实现模拟关键字智能匹配搜索效果";"https://www.jb51.net/article/100909.htm"
260;"Ajax与mysql数据交互实现留言板功能";"https://www.jb51.net/article/100797.htm"
261;"通达OA 使用Ajax和工作流插件实现根据人力资源系统数据增加OA账号(图文详解)";"https://www.jb51.net/article/100582.htm"
262;"AJAX显示加载中并弹出图层遮挡页面的实现示例";"https://www.jb51.net/article/100453.htm"
263;"ajax跨域访问报错501的解决方法";"https://www.jb51.net/article/99990.htm"
264;"Ajax提交Form表单页面仍会刷新问题的快速解决办法";"https://www.jb51.net/article/99754.htm"
265;"使用加载图片解决在Ajax数据加载中页面出现短暂空白的问题(推荐)";"https://www.jb51.net/article/99743.htm"
266;"ajax快速解决参数过长无法提交成功的问题";"https://www.jb51.net/article/99717.htm"
267;"Ajax解决缓存的5种方法总结(推荐)";"https://www.jb51.net/article/99527.htm"
268;"Ajax请求和Filter配合案例解析";"https://www.jb51.net/article/99127.htm"
269;"解决AJAX请求中含有数组的办法";"https://www.jb51.net/article/99108.htm"
270;"使用ajax异步提交表单的几种方法总结";"https://www.jb51.net/article/99102.htm"
271;"关于Ajax请求中传输中文乱码问题的解决方案";"https://www.jb51.net/article/98895.htm"
272;"Ajax的使用代码解析";"https://www.jb51.net/article/98614.htm"
273;"Ajax遍历jSon后对每一条数据进行相应的修改和删除(代码分享)";"https://www.jb51.net/article/98273.htm"
274;"AJAX工作原理及优缺点详解";"https://www.jb51.net/article/98135.htm"
275;"简述Ajax的优点与缺点";"https://www.jb51.net/article/97965.htm"
276;"pushState实现Ajax无刷新页面切换";"https://www.jb51.net/article/97795.htm"
277;"AJAX请求队列实现";"https://www.jb51.net/article/97636.htm"
278;"Ajax读取txt并对txt内容进行分页显示功能";"https://www.jb51.net/article/97355.htm"
279;"深入理解ajax系列第一篇之XHR对象";"https://www.jb51.net/article/97145.htm"
280;"pushState、replaceState、onpopstate 实现Ajax页面的前进后退刷新";"https://www.jb51.net/article/96991.htm"
281;"Ajax通过XML异步提交的方法实现从数据库获取省份和城市信息实现二级联动(xml方法)";"https://www.jb51.net/article/96852.htm"
282;"MVC遇上bootstrap后的ajax表单验证";"https://www.jb51.net/article/96719.htm"
283;"Ajax与用户交互的JSON数据存储格式";"https://www.jb51.net/article/96716.htm"
284;"AJax实现类似百度搜索栏的功能 (面试多见)";"https://www.jb51.net/article/96700.htm"
285;"Ajax 通过城市名获取数据(全国天气预报API)";"https://www.jb51.net/article/96300.htm"
286;"通过数据库和ajax方法写出地图的实例代码";"https://www.jb51.net/article/96028.htm"
287;"聊聊Ajax提交form表单的看法和认识";"https://www.jb51.net/article/95804.htm"
288;"使用原生ajax处理json字符串的方法";"https://www.jb51.net/article/95794.htm"
289;"jQuery中ajax的4种常用请求方式介绍";"https://www.jb51.net/article/95670.htm"
290;"ajax返回object Object的快速解决方法";"https://www.jb51.net/article/95600.htm"
291;"Ajax中的循环方案";"https://www.jb51.net/article/95525.htm"
292;"Ajax+PHP简单数据交互";"https://www.jb51.net/article/95323.htm"
293;"用AJAX实现页面登陆以及注册用户名验证的简单实例";"https://www.jb51.net/article/95189.htm"
294;"AJAX实现简单的注册页面异步请求实例代码";"https://www.jb51.net/article/95184.htm"
295;"AJAX实现瀑布流布局";"https://www.jb51.net/article/95162.htm"
296;"浅谈Bootstrap的DatePicker日期范围选择";"https://www.jb51.net/article/94967.htm"
297;"jquery ajax多次请求数据时 不刷新问题的解决方法";"https://www.jb51.net/article/94966.htm"
298;"关于ajax的多次请求问题";"https://www.jb51.net/article/94965.htm"
299;"ajax无刷新验证注册信息示例";"https://www.jb51.net/article/94959.htm"
300;"Ajax请求WebService跨域问题的解决方案";"https://www.jb51.net/article/94957.htm"
301;"ajax处理服务器返回的三种数据类型方法";"https://www.jb51.net/article/94944.htm"
302;"ajax获取php页面的返回参数,控件赋值的方法";"https://www.jb51.net/article/94824.htm"
303;"浅析Ajax后台success传来json数据的问题";"https://www.jb51.net/article/94804.htm"
304;"Ajax向后台传json格式的数据出现415错误的原因分析及解决方法";"https://www.jb51.net/article/94802.htm"
305;"Ajax提交Form表单及文件上传的实例代码";"https://www.jb51.net/article/94566.htm"
306;"ajax跨页面提交表单";"https://www.jb51.net/article/94383.htm"
307;"ajax结合豆瓣搜索结果进行分页完整代码";"https://www.jb51.net/article/94092.htm"
308;"在dom4j中使用XPath的简单实例";"https://www.jb51.net/article/93678.htm"
309;"js跨域调用WebService的简单实例";"https://www.jb51.net/article/93674.htm"
310;"Ajax实现带有验证码的局部刷新登录界面";"https://www.jb51.net/article/93608.htm"
311;"Ajax犯的错误处理方法";"https://www.jb51.net/article/93455.htm"
312;"按钮的Ajax请求时一次点击两次提交的解决方法";"https://www.jb51.net/article/93452.htm"
313;"经典的20道AJAX面试题(必知必会)";"https://www.jb51.net/article/93258.htm"
314;"基于ajax html实现文件上传技巧总结";"https://www.jb51.net/article/93250.htm"
315;"AJAX实现图片预览与上传及生成缩略图的方法";"https://www.jb51.net/article/93068.htm"
316;"Ajax 上传图片并预览的简单实现";"https://www.jb51.net/article/93067.htm"
317;"Ajax如何传输Json和xml数据";"https://www.jb51.net/article/92689.htm"
318;"基于Ajax表单提交及后台处理简单的应用";"https://www.jb51.net/article/92307.htm"
319;"Ajax实现省市区三级级联(数据来自mysql数据库)";"https://www.jb51.net/article/92290.htm"
320;"Ajax轮询请求状态(微信公众号带参数二维码登录网站)";"https://www.jb51.net/article/92136.htm"
321;"下拉菜单的级联操作（ajax）";"https://www.jb51.net/article/91558.htm"
322;"Ajax 高级功能之ajax向服务器发送数据";"https://www.jb51.net/article/91268.htm"
323;"Ajax表单异步上传文件实例代码（包括文件域）";"https://www.jb51.net/article/91265.htm"
324;"IE下Ajax提交乱码的快速解决方法";"https://www.jb51.net/article/91217.htm"
325;"ajax设置async校验用户名是否存在的实现方法";"https://www.jb51.net/article/91213.htm"
326;"Ajax获取数据然后显示在页面的实现方法";"https://www.jb51.net/article/91067.htm"
327;"js+ajax处理java后台返回的json对象循环创建到表格的方法";"https://www.jb51.net/article/91034.htm"
328;"ajax同步验证单号是否存在的方法";"https://www.jb51.net/article/90897.htm"
329;"Ajax 异步加载解析";"https://www.jb51.net/article/90682.htm"
330;"Ajax技术组成与核心原理分析";"https://www.jb51.net/article/90599.htm"
331;"关于Ajax技术中servlet末尾的输出流";"https://www.jb51.net/article/90596.htm"
332;"图文解析AJAX的原理";"https://www.jb51.net/article/90528.htm"
333;"Ajax结合php实现二级联动";"https://www.jb51.net/article/90428.htm"
334;"ajax方式实现注册功能(提交数据到后台数据库完成交互)";"https://www.jb51.net/article/90412.htm"
335;"AJAX应用中必须要掌握的重点知识(分享)";"https://www.jb51.net/article/90330.htm"
336;"Ajax商品分类三级联动的简单实现(案例)";"https://www.jb51.net/article/90254.htm"
337;"Ajax+php实现商品分类三级联动";"https://www.jb51.net/article/90250.htm"
338;"ajax异步请求刷新";"https://www.jb51.net/article/90149.htm"
339;"jQuery Ajax方式上传文件的方法";"https://www.jb51.net/article/90000.htm"
340;"通过Ajax方式上传文件使用FormData进行Ajax请求";"https://www.jb51.net/article/89999.htm"
341;"Ajax学习全套(最全最经典)";"https://www.jb51.net/article/89907.htm"
342;"Ajax请求响应中用window.open打开新窗口被拦截的解决方法";"https://www.jb51.net/article/89862.htm"
343;"Ajax请求成功后打开新窗口地址";"https://www.jb51.net/article/89860.htm"
344;"甩掉ashx和asmx使用jQuery.ajaxWebService请求WebMethod简练处理Ajax";"https://www.jb51.net/article/89852.htm"
345;"使用ajax技术实现txt弹出在页面上的方法";"https://www.jb51.net/article/89821.htm"
346;"Ajax实现智能提示搜索功能";"https://www.jb51.net/article/89590.htm"
347;"反向Ajax 30分钟快速掌握";"https://www.jb51.net/article/89350.htm"
348;"ajax实现远程通信";"https://www.jb51.net/article/89340.htm"
349;"Ajax全局加载框(Loading效果)的配置";"https://www.jb51.net/article/89197.htm"
350;"Ajax加载菊花loding效果";"https://www.jb51.net/article/89195.htm"
351;"浅谈Ajax请求与浏览器缓存";"https://www.jb51.net/article/89059.htm"
352;"浅谈ajax请求技术";"https://www.jb51.net/article/89039.htm"
353;"$.ajax()常用方法详解(推荐)";"https://www.jb51.net/article/89028.htm"
354;"非常实用的ajax用户注册模块";"https://www.jb51.net/article/88953.htm"
355;"Ajax传输中文乱码问题的解决办法";"https://www.jb51.net/article/88919.htm"
356;"基于Ajax+div的“左边菜单、右边内容”页面效果实现";"https://www.jb51.net/article/88860.htm"
357;"浅谈Ajax和JavaScript的区别";"https://www.jb51.net/article/88792.htm"
358;"Ajax点击不断加载数据列表";"https://www.jb51.net/article/88778.htm"
359;"Ajax+Struts2实现验证码验证功能实例代码";"https://www.jb51.net/article/88661.htm"
360;"关于ajax网络请求的封装实例";"https://www.jb51.net/article/88565.htm"
361;"原生AJAX封装的简单实现";"https://www.jb51.net/article/88492.htm"
362;"Boa服务器下的ajax与cgi通信";"https://www.jb51.net/article/88328.htm"
363;"Ajax调用restful接口传送Json格式数据的方法";"https://www.jb51.net/article/88272.htm"
364;"IE8用ajax访问不能每次都刷新的问题";"https://www.jb51.net/article/88234.htm"
365;"IE8/IE9下Ajax缓存问题";"https://www.jb51.net/article/88233.htm"
366;"IE8下Ajax缓存问题及解决办法";"https://www.jb51.net/article/88227.htm"
367;"IE9 IE8 ajax跨域问题的快速解决方法";"https://www.jb51.net/article/88174.htm"
368;"Ajax的使用四大步骤";"https://www.jb51.net/article/88084.htm"
369;"往xml中更新节点的实例代码";"https://www.jb51.net/article/88029.htm"
370;"Ajax回退刷新页面问题的解决办法";"https://www.jb51.net/article/87856.htm"
371;"全面解析$.Ajax()方法参数(推荐)";"https://www.jb51.net/article/87615.htm"
372;"有关Ajax中get和post的使用问题";"https://www.jb51.net/article/87559.htm"
373;"在Ajax中使用get和post所遇到的问题及解决办法";"https://www.jb51.net/article/87549.htm"
374;"探讨Ajax中有关readyState（状态值）和status（状态码)的问题";"https://www.jb51.net/article/87412.htm"
375;"Ajax基础教程之封装(三)";"https://www.jb51.net/article/87153.htm"
376;"Ajax基础详解教程(二)";"https://www.jb51.net/article/87097.htm"
377;"将xml文件作为一个小的数据库,进行学生的增删改查的简单实例";"https://www.jb51.net/article/87061.htm"
378;"Ajax基础详解教程(一)";"https://www.jb51.net/article/86997.htm"
379;"基于Ajax技术实现考试倒计时并自动提交试卷";"https://www.jb51.net/article/86742.htm"
380;"基于Ajax技术实现文件上传带进度条";"https://www.jb51.net/article/86740.htm"
381;"AjaxToolKit之Rating控件的使用方法";"https://www.jb51.net/article/86538.htm"
382;"jQuery ajax json 数据的遍历代码";"https://www.jb51.net/article/86409.htm"
383;"深入浅析Nginx实现AJAX跨域请求问题";"https://www.jb51.net/article/86379.htm"
384;"使用Nginx 反向代理来避免 ajax 跨域请求的方法";"https://www.jb51.net/article/86378.htm"
385;"分页技术原理与实现之无刷新的Ajax分页技术(三)";"https://www.jb51.net/article/86339.htm"
386;"基于HTML5的可预览多图片Ajax上传";"https://www.jb51.net/article/86179.htm"
387;"全面解析Ajax综合应用(全)";"https://www.jb51.net/article/86073.htm"
388;"ajax内部值外部调用不了的原因及解决方法";"https://www.jb51.net/article/86024.htm"
389;"Ajax异步上传文件实例代码分享";"https://www.jb51.net/article/85946.htm"
390;"完美解决ajax访问遇到Session失效的问题";"https://www.jb51.net/article/85803.htm"
391;"ajax 操作全局监测,用户session失效的解决方法";"https://www.jb51.net/article/85801.htm"
392;"Ajax Session失效跳转登录页面的方法";"https://www.jb51.net/article/85796.htm"
393;"Ajax跨域问题的解决办法汇总(推荐)";"https://www.jb51.net/article/85476.htm"
394;"浅析JSONP解决Ajax跨域访问问题的思路详解";"https://www.jb51.net/article/85473.htm"
395;"深入浅析Jsonp解决ajax跨域问题";"https://www.jb51.net/article/85466.htm"
396;"Ajax 跨域如何实现";"https://www.jb51.net/article/85449.htm"
397;"Ajax实现无闪烁定时刷新页面实例代码";"https://www.jb51.net/article/85423.htm"
398;"ajax基本通用代码示例";"https://www.jb51.net/article/85376.htm"
399;"Ajax的jsonp方式跨域获取数据的简单实例";"https://www.jb51.net/article/85309.htm"
400;"妙用Ajax技术实现局部刷新商品数量和总价实例代码";"https://www.jb51.net/article/85123.htm"
401;"Ajax发送和接收二进制字节流数据的方法";"https://www.jb51.net/article/85087.htm"
402;"纯javascript的ajax实现php异步提交表单的简单实例";"https://www.jb51.net/article/85049.htm"
403;"laypage前端分页插件实现ajax异步分页";"https://www.jb51.net/article/84619.htm"
404;"ajax文件上传成功 解决浏览器兼容问题";"https://www.jb51.net/article/84441.htm"
405;"ajax验证用户名和密码的实例代码";"https://www.jb51.net/article/84254.htm"
406;"ajax传递多个参数的实现代码";"https://www.jb51.net/article/84173.htm"
407;"AJAX的原理―如何做到异步和局部刷新【实现代码】";"https://www.jb51.net/article/84013.htm"
408;"如何使用AJAX实现按需加载【推荐】";"https://www.jb51.net/article/84012.htm"
409;"ajax无刷新分页的简单实现";"https://www.jb51.net/article/83949.htm"
410;"ajax实现无刷新省市县三级联动";"https://www.jb51.net/article/83948.htm"
411;"Ajax验证用户的唯一性";"https://www.jb51.net/article/83899.htm"
412;"无限分级和tree结构数据增删改【附DEMO下载】";"https://www.jb51.net/article/83829.htm"
413;"探讨Ajax中的一些小问题";"https://www.jb51.net/article/83828.htm"
414;"jQuery AJAX实现调用页面后台方法";"https://www.jb51.net/article/83807.htm"
415;"ajax回调打开新窗体防止浏览器拦截有效方法";"https://www.jb51.net/article/83743.htm"
416;"Ajax学习笔记---3种Ajax的实现方法【推荐】";"https://www.jb51.net/article/83608.htm"
417;"Ajax实现异步用户名验证功能";"https://www.jb51.net/article/83504.htm"
418;"通过构造AJAX参数实现表单元素JSON相互转换";"https://www.jb51.net/article/83469.htm"
419;"SpringMVC环境下实现的Ajax异步请求JSON格式数据";"https://www.jb51.net/article/83412.htm"
420;"如何使用ajax读取Json中的数据";"https://www.jb51.net/article/83241.htm"
421;"利用AJAX实现无刷新数据分页";"https://www.jb51.net/article/83238.htm"
422;"ajax传送参数含有特殊字符的快速解决方法";"https://www.jb51.net/article/83172.htm"
423;"Ajax实现页面自动刷新实例解析";"https://www.jb51.net/article/83169.htm"
424;"深入剖析$.ajax()方法";"https://www.jb51.net/article/83161.htm"
425;"浅析巧用Ajax的beforeSend提高用户体验";"https://www.jb51.net/article/83159.htm"
426;"Ajax验证用户名实例代码";"https://www.jb51.net/article/82970.htm"
427;"js实现ajax分页完整实例";"https://www.jb51.net/article/82784.htm"
428;"Ajax实现简单下拉选项效果【推荐】";"https://www.jb51.net/article/82689.htm"
429;"HTML5 Ajax文件上传进度条如何显示";"https://www.jb51.net/article/82613.htm"
430;"原生ajax和iframe框架实现图片文件上传的两种方式";"https://www.jb51.net/article/82612.htm"
431;"详解Ajax和form+iframe 实现文件上传的方法(两种方式)";"https://www.jb51.net/article/82587.htm"
432;"Ajax请求中async:false/true的作用分析";"https://www.jb51.net/article/82577.htm"
433;"浅析Ajax的 原理及优缺点";"https://www.jb51.net/article/82558.htm"
434;"深入浅析AjaxFileUpload实现单个文件的 Ajax 文件上传库";"https://www.jb51.net/article/82474.htm"
435;"ajax实现服务器与浏览器长连接的功能";"https://www.jb51.net/article/82354.htm"
436;"一个简单Ajax类库及使用方法实例分析";"https://www.jb51.net/article/82066.htm"
437;"编写轻量ajax组件第三篇实现";"https://www.jb51.net/article/81949.htm"
438;"AJAX XMLHttpRequest对象详解";"https://www.jb51.net/article/81620.htm"
439;"springmvc 发送ajax出现中文乱码的解决方法汇总";"https://www.jb51.net/article/81597.htm"
440;"Django框架利用ajax实现批量导入数据功能";"https://www.jb51.net/article/81524.htm"
441;"浅析json与jsonp区别及通过ajax获得json数据后格式的转换";"https://www.jb51.net/article/81420.htm"
442;"浅谈Ajax技术实现页面无刷新";"https://www.jb51.net/article/81346.htm"
443;"Django中的Ajax";"https://www.jb51.net/article/81129.htm"
444;"Ajax()方法如何与后台交互";"https://www.jb51.net/article/80883.htm"
445;"AJAX实现跨域的三种方法（代理,JSONP,XHR2）";"https://www.jb51.net/article/80881.htm"
446;"Ajax+smarty技术实现无刷新分页";"https://www.jb51.net/article/80780.htm"
447;"Ajax教程实例详解";"https://www.jb51.net/article/80686.htm"
448;"Ajax上传图片的本质";"https://www.jb51.net/article/80511.htm"
449;"Ajax实现文件下载";"https://www.jb51.net/article/80441.htm"
450;"ajax异步加载图片实例分析";"https://www.jb51.net/article/80193.htm"
451;"Ajax发送和接收请求";"https://www.jb51.net/article/80106.htm"
452;"基于HTML5 Ajax实现文件上传并显示进度条";"https://www.jb51.net/article/80044.htm"
453;"聊一聊Ajax的优缺点";"https://www.jb51.net/article/79843.htm"
454;"登录超时给出提示跳到登录页面（ajax、导入、导出）";"https://www.jb51.net/article/79705.htm"
455;"AJAX和JSP混合使用方法实例";"https://www.jb51.net/article/79522.htm"
456;"活到老学到老学习AJAX跨域（三）";"https://www.jb51.net/article/79119.htm"
457;"js实现简单实用的AJAX完整实例";"https://www.jb51.net/article/79046.htm"
458;"Ajax简单的异步交互及Ajax原生编写";"https://www.jb51.net/article/78472.htm"
459;"Ajax+js实现异步交互";"https://www.jb51.net/article/78418.htm"
460;"基于iframe实现ajax跨域请求 获取网页中ajax数据";"https://www.jb51.net/article/78392.htm"
461;"Ajax学习笔记整理";"https://www.jb51.net/article/78222.htm"
462;"使用对象封装ajax重复调用的方法";"https://www.jb51.net/article/78141.htm"
463;"jsp+ajax实现无刷新上传文件的方法";"https://www.jb51.net/article/78032.htm"
464;"Ajax获取到数据放入echarts里不显示的原因分析及解决办法";"https://www.jb51.net/article/78002.htm"
465;"通过Ajax手动解决WordPress WP-PostViews不计数的问题";"https://www.jb51.net/article/77817.htm"
466;"原生ajax调用数据实例讲解";"https://www.jb51.net/article/77776.htm"
467;"解决ajax返回验证的时候总是弹出error错误的方法";"https://www.jb51.net/article/77596.htm"
468;"Ajax请求过程中下载文件在FireFox(火狐)浏览器下的兼容问题";"https://www.jb51.net/article/77581.htm"
469;"防止重复发送Ajax请求的解决方案";"https://www.jb51.net/article/77571.htm"
470;"实例代码讲解ajax实现的无刷新分页";"https://www.jb51.net/article/77013.htm"
471;"ajax请求之返回数据的顺序问题分析";"https://www.jb51.net/article/76990.htm"
472;"SSH网上商城之使用ajax完成用户名是否存在异步校验";"https://www.jb51.net/article/76729.htm"
473;"Ajax注册用户时实现表单验证";"https://www.jb51.net/article/76659.htm"
474;"分享Ajax创建简单实例代码";"https://www.jb51.net/article/76545.htm"
475;"Ajax获取XMLHttp对象的方法";"https://www.jb51.net/article/76438.htm"
476;"ajax中data传参的两种方式分析";"https://www.jb51.net/article/76423.htm"
477;"Ajax异步提交数据返回值的换行问题实例分析";"https://www.jb51.net/article/76421.htm"
478;"IE浏览器与FF浏览器关于Ajax传递参数值为中文时的区别实例分析";"https://www.jb51.net/article/76415.htm"
479;"ajax调用简单实例";"https://www.jb51.net/article/76377.htm"
480;"探讨.get .post .ajax ztree 还有后台servlet传递数据的相关知识";"https://www.jb51.net/article/76316.htm"
481;"Ajax异步方式实现登录与验证";"https://www.jb51.net/article/76227.htm"
482;"比较Ajax的三种实现及JSON解析";"https://www.jb51.net/article/76177.htm"
483;"分享ajax的三种解析模式";"https://www.jb51.net/article/76176.htm"
484;"js与jQuery终止正在发送的ajax请求的方法";"https://www.jb51.net/article/76175.htm"
485;"AJax与Jsonp跨域访问问题小结";"https://www.jb51.net/article/76076.htm"
486;"ajax调用中ie缓存问题解决方法";"https://www.jb51.net/article/75699.htm"
487;"基于ajax的简单搜索实现方法";"https://www.jb51.net/article/75698.htm"
488;"ajax数据传输方式实例详解";"https://www.jb51.net/article/75696.htm"
489;"asp.net+ajax简单分页实例分析";"https://www.jb51.net/article/75686.htm"
490;"Ajax jsonp跨域请求实现方法";"https://www.jb51.net/article/75624.htm"
491;"简单谈谈AJAX核心对象";"https://www.jb51.net/article/75273.htm"
492;"jQuery Ajax 实例详解 ($.ajax、$.post、$.get)";"https://www.jb51.net/article/75195.htm"
493;"基于h5的history改善ajax列表请求体验";"https://www.jb51.net/article/74900.htm"
494;"jquery1.8版本使用ajax实现微信调用出现的问题分析及解决办法";"https://www.jb51.net/article/74869.htm"
495;"Jquery Ajax请求方法小结(值得收藏)";"https://www.jb51.net/article/74868.htm"
496;"Jquery Ajax请求文件下载操作失败的原因分析及解决办法";"https://www.jb51.net/article/74867.htm"
497;"谈谈Ajax原理实现过程";"https://www.jb51.net/article/74357.htm"
498;"非常简单的Ajax请求实例附源码";"https://www.jb51.net/article/74293.htm"
499;"基于HTML5 Ajax文件上传进度条如何实现（jquery版本）";"https://www.jb51.net/article/74264.htm"
500;"编写轻量ajax组件01-与webform平台上的各种实现方式比较";"https://www.jb51.net/article/74220.htm"
501;"编写轻量ajax组件02--浅析AjaxPro";"https://www.jb51.net/article/74218.htm"
502;"Ajax请求session失效该如何解决";"https://www.jb51.net/article/74209.htm"
503;"关于ajax对象一些常用属性、事件和方法大小写比较常见的问题总结";"https://www.jb51.net/article/74101.htm"
504;"谈谈你对aja的理解(一、二)";"https://www.jb51.net/article/74068.htm"
505;"使用HTML5中postMessage知识点解决Ajax中POST跨域问题";"https://www.jb51.net/article/74052.htm"
506;"基于Jquery.history解决ajax的前进后退问题";"https://www.jb51.net/article/74023.htm"
507;"通过Ajax两种方式讲解Struts2接收数组表单的方法";"https://www.jb51.net/article/73986.htm"
508;"基于Jquery ajax技术实现间隔N秒向某页面传值";"https://www.jb51.net/article/73983.htm"
509;"理解jquery ajax中的datatype属性选项值";"https://www.jb51.net/article/73938.htm"
510;"ajax中的async属性值之同步和异步及同步和异步区别";"https://www.jb51.net/article/73936.htm"
511;"Jquery中$.ajax()方法参数详解";"https://www.jb51.net/article/73803.htm"
512;"切记ajax中要带上AntiForgeryToken防止CSRF攻击";"https://www.jb51.net/article/73800.htm"
513;"通过抓取淘宝评论为例讲解Python爬取ajax动态生成的数据(经典)";"https://www.jb51.net/article/73780.htm"
514;"使用Jquery+Ajax+Json如何实现分页显示附JAVA+JQuery实现异步分页";"https://www.jb51.net/article/73716.htm"
515;"JQuery+Ajax+Struts2+Hibernate框架整合实现完整的登录注册";"https://www.jb51.net/article/73712.htm"
516;"ajax与传统web开发的异同点";"https://www.jb51.net/article/73640.htm"
517;"SSH+Jquery+Ajax框架整合";"https://www.jb51.net/article/73638.htm"
518;"jQuery通过Ajax向PHP服务端发送请求并返回JSON数据";"https://www.jb51.net/article/73572.htm"
519;"如何利用jQuery post传递含特殊字符的数据";"https://www.jb51.net/article/73570.htm"
520;"如何解决ajax在google chrome浏览器上失效";"https://www.jb51.net/article/73480.htm"
521;"基于ajax实现点击加载更多无刷新载入到本页";"https://www.jb51.net/article/73472.htm"
522;"有关Ajax跨域问题的两种解决方法";"https://www.jb51.net/article/73409.htm"
523;"js ajax加载时的进度条代码";"https://www.jb51.net/article/73407.htm"
524;"Jquery具体实例介绍AJAX何时用，AJAX应该在什么地方用";"https://www.jb51.net/article/73339.htm"
525;"$.ajax()方法参数详解";"https://www.jb51.net/article/73338.htm"
526;"jQuery使用ajax跨域请求获取数据";"https://www.jb51.net/article/73285.htm"
527;"jquery中AJAX请求 $.post方法的使用";"https://www.jb51.net/article/73283.htm"
528;"jQuery+Ajax+PHP实现“喜欢”评级功能附源码下载";"https://www.jb51.net/article/73240.htm"
529;"jquery与php结合实现AJAX长轮询(LongPoll)";"https://www.jb51.net/article/73239.htm"
530;"初步了解JavaScript，Ajax，jQuery，并比较三者关系";"https://www.jb51.net/article/73152.htm"
531;"JavaScript实现Ajax总结";"https://www.jb51.net/article/73149.htm"
532;"MVC中基于Ajax和HTML5实现文件上传功能";"https://www.jb51.net/article/73111.htm"
533;"使用wordpress的$wpdb类读mysql数据库做ajax时出现的问题该如何解决";"https://www.jb51.net/article/73107.htm"
534;"JQuery中$.ajax()方法参数详解";"https://www.jb51.net/article/73052.htm"
535;"简单介绍不用库（框架）自己写ajax";"https://www.jb51.net/article/73044.htm"
536;"如何解决Ajax访问不断变化的session的值不一致以及HTTP协议中的GET、POST的区别";"https://www.jb51.net/article/72958.htm"
537;"ajax请求Session失效问题";"https://www.jb51.net/article/72957.htm"
538;"ajax 异步上传带进度条视频并提取缩略图";"https://www.jb51.net/article/72931.htm"
539;"django使用ajax post数据出现403错误如何解决";"https://www.jb51.net/article/72930.htm"
540;"浅析IE针对Ajax请求结果的缓存问题";"https://www.jb51.net/article/72865.htm"
541;"各种AJAX方法的使用比较详解";"https://www.jb51.net/article/72863.htm"
542;"利用H5特性FormData实现不刷新文件上传";"https://www.jb51.net/article/72729.htm"
543;"基于h5 ajax实现手机定位(demo)";"https://www.jb51.net/article/72726.htm"
544;"AJAX跨域请求之JSONP获取JSON数据";"https://www.jb51.net/article/72703.htm"
545;"浅析Asp.net MVC 中Ajax的使用";"https://www.jb51.net/article/72660.htm"
546;"使用Yii整合的pjax（pushstate+ajax）实现无刷新加载页面";"https://www.jb51.net/article/72657.htm"
547;"jQuery实现AJAX定时刷新局部页面实例";"https://www.jb51.net/article/72597.htm"
548;"极致体验ajax局部和整体刷新";"https://www.jb51.net/article/72595.htm"
549;"JQuery Ajax动态生成Table表格";"https://www.jb51.net/article/72537.htm"
550;"jquery通过AJAX从后台获取信息并显示在表格上的实现类";"https://www.jb51.net/article/72535.htm"
551;"浅析JSONP之解决ajax跨域问题";"https://www.jb51.net/article/72477.htm"
552;"Ajax在请求过程中显示进度的简单实现";"https://www.jb51.net/article/72476.htm"
553;"jQuery下的Ajax调试步骤";"https://www.jb51.net/article/72352.htm"
554;"Ajax异步请求JSon数据(图文详解)";"https://www.jb51.net/article/72349.htm"
555;"ajax请求json数据案例详解";"https://www.jb51.net/article/72348.htm"
556;"详解ajax +jtemplate实现动态分页";"https://www.jb51.net/article/72307.htm"
557;"django中使用jquery ajax post数据出现403错误的解决办法(两种方法)";"https://www.jb51.net/article/72294.htm"
558;"Django框架如何使用ajax的post方法";"https://www.jb51.net/article/72292.htm"
559;"JQuery ajax 返回json时出现中文乱码该如何解决";"https://www.jb51.net/article/72245.htm"
560;"如何解决JQuery ajaxSubmit提交中文乱码";"https://www.jb51.net/article/72242.htm"
561;"JQuery ajax返回JSON时的处理方式 (三种方式)";"https://www.jb51.net/article/72200.htm"
562;"JQuery ajax中error返回错误及一直返回error的解答";"https://www.jb51.net/article/72198.htm"
563;"ASP.NET与Ajax的实现方式小总结";"https://www.jb51.net/article/72194.htm"
564;"jquery中的ajax异步上传";"https://www.jb51.net/article/72115.htm"
565;"jquery中的ajax同步和异步详解";"https://www.jb51.net/article/72114.htm"
566;"jQuery中ajax - get() 方法实例详解";"https://www.jb51.net/article/72086.htm"
567;"jQuery中ajax - post() 方法实例详解";"https://www.jb51.net/article/72084.htm"
568;"Jquery中ajax提交表单几种方法(get、post两种方法)";"https://www.jb51.net/article/72049.htm"
569;"基于Ajax实现下拉框联动显示数据";"https://www.jb51.net/article/72047.htm"
570;"Ajax带提示的验证表单实例";"https://www.jb51.net/article/71152.htm"
571;"Ajax实现弹出式无刷新城市选择功能代码";"https://www.jb51.net/article/71087.htm"
572;"双层ajax嵌套（可多层）用法实例";"https://www.jb51.net/article/70410.htm"
573;"Ajax上传实现根据服务器端返回数据进行js处理的方法";"https://www.jb51.net/article/70377.htm"
574;"ajax遍历xml文档的方法";"https://www.jb51.net/article/69713.htm"
575;"Ajax获取响应内容长度的方法";"https://www.jb51.net/article/69668.htm"
576;"Ajax方式实现定期更新页面某块内容的方法";"https://www.jb51.net/article/69666.htm"
577;"Ajax实现跨域访问的三种方法";"https://www.jb51.net/article/68424.htm"
578;"ajax读取properties资源文件数据的方法";"https://www.jb51.net/article/68357.htm"
579;"浅谈Ajax相关及其优缺点";"https://www.jb51.net/article/67860.htm"
580;"Ajax详解及其案例分析";"https://www.jb51.net/article/67844.htm"
581;"AJAX提交表单数据实例分析";"https://www.jb51.net/article/66913.htm"
582;"ajax跨域(基础域名相同)表单提交的方法";"https://www.jb51.net/article/66502.htm"
583;"Ajax加载外部页面弹出层效果实现方法";"https://www.jb51.net/article/65745.htm"
584;"基于firefox实现ajax图片上传";"https://www.jb51.net/article/65352.htm"
585;"Ajax无刷新分页的性能优化方法";"https://www.jb51.net/article/64031.htm"
586;"AJAX机制详解以及跨域通信";"https://www.jb51.net/article/63966.htm"
587;"AJAX简单异步通信实例分析";"https://www.jb51.net/article/63124.htm"
588;"AJAX简单测试代码实例";"https://www.jb51.net/article/63121.htm"
589;"AJAX使用get与post模式的区别分析";"https://www.jb51.net/article/63119.htm"
590;"AJAX对服务器返回XML的处理方法";"https://www.jb51.net/article/63118.htm"
591;"JavaScript基于Ajax实现不刷新在网页上动态显示文件内容";"https://www.jb51.net/article/62782.htm"
592;"探秘ajax跨域请求";"https://www.jb51.net/article/62152.htm"
593;"使用ajax实现无刷新改变页面内容和地址栏URL";"https://www.jb51.net/article/61671.htm"
594;"解决ajax跨域请求数据cookie丢失问题";"https://www.jb51.net/article/61552.htm"
595;"Ajax核心XMLHttpRequest总结";"https://www.jb51.net/article/61409.htm"
596;"浅谈Ajax的缓存机制";"https://www.jb51.net/article/61325.htm"
597;"java+jquery处理xml数据的方法";"https://www.jb51.net/article/61200.htm"
598;"jquery访问servlet并返回数据到页面的方法";"https://www.jb51.net/article/61196.htm"
599;"原生AJAX写法实例分析";"https://www.jb51.net/article/61083.htm"
600;"服务端配置实现AJAX跨域请求";"https://www.jb51.net/article/60999.htm"
601;"ajax的get请求时缓存处理解决方法";"https://www.jb51.net/article/60994.htm"
602;"基于ajax实现无刷新分页的方法";"https://www.jb51.net/article/60707.htm"
603;"浅谈AJAX开发技术";"https://www.jb51.net/article/60633.htm"
604;"使用ajax操作JavaScript 对象详解";"https://www.jb51.net/article/60380.htm"
605;"使用ajax操作 JavaScript 对象";"https://www.jb51.net/article/60252.htm"
606;"零基础学习AJAX之制作自动校验的表单";"https://www.jb51.net/article/60110.htm"
607;"零基础学习AJAX之AJAX框架";"https://www.jb51.net/article/60107.htm"
608;"零基础学习AJAX之AJAX的简介和基础";"https://www.jb51.net/article/60105.htm"
609;"使用Ajax实时检测""用户名、邮箱等""是否已经存在";"https://www.jb51.net/article/59565.htm"
610;"Ajax中浏览器和服务器交互详解";"https://www.jb51.net/article/59515.htm"
611;"ajax初级教程之获取博文列表";"https://www.jb51.net/article/59162.htm"
612;"AJAX初级教程之初识AJAX";"https://www.jb51.net/article/59161.htm"
613;"AJAX封装类使用指南";"https://www.jb51.net/article/59013.htm"
614;"浅谈Ajax跨域Session和跨域访问";"https://www.jb51.net/article/58903.htm"
615;"关于Ajax技术原理的3点总结";"https://www.jb51.net/article/58492.htm"
616;"ajax获取数据中文乱码问题最简单的完美解决方案";"https://www.jb51.net/article/57783.htm"
617;"js与jQuery实现的兼容多浏览器Ajax请求实例";"https://www.jb51.net/article/57632.htm"
618;"Jquery基于Ajax方法自定义无刷新提交表单Form实例";"https://www.jb51.net/article/57445.htm"
619;"IE9版本以下ajax 跨域问题可行解决方法";"https://www.jb51.net/article/56514.htm"
620;"使用ajax和history.pushState无刷新改变页面URL示例";"https://www.jb51.net/article/56315.htm"
621;"ajax post方式表单提交setRequestHeader报错解决方法";"https://www.jb51.net/article/55428.htm"
622;"Ajax中通过JS代码自动获取表单元素值的示例代码";"https://www.jb51.net/article/54796.htm"
623;"IE9下Ajax无法刷新数据的缓存问题解决方法";"https://www.jb51.net/article/54739.htm"
624;"ajax请求成功后新开窗口window.open()被拦截解决方法";"https://www.jb51.net/article/54699.htm"
625;"AJAX验证数据库内容并将值显示在页面";"https://www.jb51.net/article/54254.htm"
626;"使用ajax技术无刷新动态调用新浪股票实时数据";"https://www.jb51.net/article/54253.htm"
627;"如何创建ajax对象并兼容多个浏览器";"https://www.jb51.net/article/54121.htm"
628;"Ajax请求内嵌套Ajax请求示例代码";"https://www.jb51.net/article/54112.htm"
629;"使用Ajax技术通过XMLHttpRequest对象完成首页登录功能";"https://www.jb51.net/article/54104.htm"
630;"在(ASP/PHP/JSP/html/js)中禁止ajax缓存的方法集锦";"https://www.jb51.net/article/53970.htm"
631;"用ajax实现预览链接可以看到链接的内容";"https://www.jb51.net/article/53964.htm"
632;"JQuery AJAX参数详解补充附示例";"https://www.jb51.net/article/53941.htm"
633;"ajax来自动补全表单字段示例";"https://www.jb51.net/article/53937.htm"
634;"ajax 怎么设置超时(一个action执行了2遍)";"https://www.jb51.net/article/53253.htm"
635;"Ajax缓存问题的解决方法汇总";"https://www.jb51.net/article/53231.htm"
636;"json格式的Ajax提交示例代码";"https://www.jb51.net/article/53204.htm"
637;"关于多个Ajax请求执行返回先后的问题示例探讨";"https://www.jb51.net/article/52342.htm"
638;"ajax使用不同namespace的action的方法";"https://www.jb51.net/article/52168.htm"
639;"ajax 返回值自动添加pre标签的解决方法";"https://www.jb51.net/article/52072.htm"
640;"Ajax使用JSON数据格式案例";"https://www.jb51.net/article/51797.htm"
641;"Ajax修改购物车示例";"https://www.jb51.net/article/51784.htm"
642;"ajax请求post和get的区别以及get post的选择";"https://www.jb51.net/article/51689.htm"
643;"自己动手打造ajax图片上传(网上没有的)";"https://www.jb51.net/article/51678.htm"
644;"JS AJAX前台如何给后台类的函数传递参数";"https://www.jb51.net/article/51619.htm"
645;"Jquery $.ajax函数外的一段代码的执行顺序";"https://www.jb51.net/article/51495.htm"
646;"ajax异步处理POST表单中的数据示例代码";"https://www.jb51.net/article/51441.htm"
647;"ajax实现点击不同的链接让返回的内容显示在特定div里";"https://www.jb51.net/article/51429.htm"
648;"创建ajax对象并兼容多个浏览器";"https://www.jb51.net/article/51041.htm"
649;"ajax回调函数中使用$(this)取不到对象的解决方法";"https://www.jb51.net/article/50970.htm"
650;"关于JavaScript跨域问题及实时刷新解决方案";"https://www.jb51.net/article/50792.htm"
651;"Ajax传递中文参数到后台乱码的有效解决方法";"https://www.jb51.net/article/50535.htm"
652;"使用AjaxFileUpload.js实现异步文件上传示例";"https://www.jb51.net/article/50518.htm"
653;"ContentType控制输出的类型是否区分大小写";"https://www.jb51.net/article/50492.htm"
654;"Ajax中responseText返回的是一个页面而不是一个值";"https://www.jb51.net/article/50454.htm"
655;"ajax的responseText乱码的问题的解决方法";"https://www.jb51.net/article/50451.htm"
656;"利用 Linq+Jquery+Ajax 实现异步分页功能可简化带宽压力";"https://www.jb51.net/article/50433.htm"
657;"ajax的定时调用每5秒调用一次";"https://www.jb51.net/article/50412.htm"
658;"php+ajax实现带进度条的大数据排队导出思路以及源码";"https://www.jb51.net/article/50372.htm"
659;"jquery中的ajax如何返回结果而非回调方式即为同顺序执行";"https://www.jb51.net/article/50346.htm"
660;"AJAX中文乱码解决新方法分享";"https://www.jb51.net/article/50279.htm"
661;"Ajax核心技术代码分享";"https://www.jb51.net/article/50275.htm"
662;"JQuery中Ajax的Post提交在IE下中文乱码的解决方法";"https://www.jb51.net/article/50270.htm"
663;"ajax跨域请求js拒绝访问的解决方法";"https://www.jb51.net/article/50216.htm"
664;"Ajax动态加载数据库示例";"https://www.jb51.net/article/50215.htm"
665;"ajax接收Date类型的数据时会把数据转换为时间戳";"https://www.jb51.net/article/50214.htm"
666;"Ajax 无刷新在注册用户名时判断是否为空是否被使用";"https://www.jb51.net/article/50147.htm"
667;"用AJAX技术实现在自己Blog上聚合并显示朋友Blog的最新文章";"https://www.jb51.net/article/50146.htm"
668;"iframe式ajax调用示例代码";"https://www.jb51.net/article/50144.htm"
669;"Ajax获得站点文件内容实例不涉及服务器";"https://www.jb51.net/article/50143.htm"
670;"herf=#导致Ajax请求时没有向后台发送数据";"https://www.jb51.net/article/50073.htm"
671;"Ajax 给 XMLHttpReq.onreadystatechange传递参数";"https://www.jb51.net/article/50071.htm"
672;"$.ajax传JSON数据到后台的注意事项小结";"https://www.jb51.net/article/50034.htm"
673;"ajax提交整个from表单示例代码";"https://www.jb51.net/article/49852.htm"
674;"用ajax实现读博客rss示例代码";"https://www.jb51.net/article/49812.htm"
675;"ajax加载页面服务器返回 304 not modified";"https://www.jb51.net/article/49559.htm"
676;"jquery的ajax同步和异步的理解及示例";"https://www.jb51.net/article/49328.htm"
677;"空格或者空白字符导致$.ajax()报parseerror错误小结";"https://www.jb51.net/article/49163.htm"
678;"ajax原理总结附简单实例及其优点";"https://www.jb51.net/article/49147.htm"
679;"使用$.get()根据选项的不同从数据库异步请求数据";"https://www.jb51.net/article/48753.htm"
680;"html+js+php一次原始的Ajax请求示例";"https://www.jb51.net/article/48752.htm"
681;"Jquery版本导致Ajax不执行success回调函数";"https://www.jb51.net/article/48672.htm"
682;"$.ajax()方法进行网页间传值示例";"https://www.jb51.net/article/48668.htm"
683;"ie发送ajax请求返回上一次结果的解决方法";"https://www.jb51.net/article/48534.htm"
684;"一个伪ajax图片上传代码实现示例";"https://www.jb51.net/article/48197.htm"
685;"ajax翻页效果模仿yii框架自己写的";"https://www.jb51.net/article/48196.htm"
686;"实现类似facebook无刷新ajax更新";"https://www.jb51.net/article/48190.htm"
687;"关于IE下AJAX的问题探讨";"https://www.jb51.net/article/47888.htm"
688;"ajax实现输入框文字改变展示下拉列表的效果示例";"https://www.jb51.net/article/47678.htm"
689;"一个简单的ajax上传进度显示示例";"https://www.jb51.net/article/47160.htm"
690;"iframe式ajax调用示例";"https://www.jb51.net/article/47138.htm"
691;"js对ajax返回数组的处理介绍";"https://www.jb51.net/article/47024.htm"
692;"AJAX级联下拉框的简单实现案例";"https://www.jb51.net/article/47023.htm"
693;"Ajax级联菜单实例代码";"https://www.jb51.net/article/47022.htm"
694;"Ajax风格的一款网页Loading效果";"https://www.jb51.net/article/46967.htm"
695;"ajax提交到servelt获取参数有乱码的解决方法";"https://www.jb51.net/article/46960.htm"
696;"有关ajax的error与后台的异常问题解决";"https://www.jb51.net/article/46955.htm"
697;"AJAX跳转路径代码";"https://www.jb51.net/article/46871.htm"
698;"比getjson好的底层函数是哪个有什么优点";"https://www.jb51.net/article/46715.htm"
699;"ajaxForm和ajaxSubmit 粘贴就可用示例代码";"https://www.jb51.net/article/46708.htm"
700;"js基本ajax写法示例代码";"https://www.jb51.net/article/46695.htm"
701;"AJAX提交与FORM提交的区别说明";"https://www.jb51.net/article/46492.htm"
702;"ajax提交url与ajax提交表单的详细比较";"https://www.jb51.net/article/46484.htm"
703;"Ajax实现的异步传输与验证示例代码";"https://www.jb51.net/article/46353.htm"
704;"Ajax异步传输与PHP实现交互示例";"https://www.jb51.net/article/46304.htm"
705;"ajax请求返回的数据看不到回调函数没有执行也没报错";"https://www.jb51.net/article/46134.htm"
706;"判断请求头中是否含有某属性来判断是否是ajax请求";"https://www.jb51.net/article/45985.htm"
707;"ajax给全局变量赋值问题解决示例";"https://www.jb51.net/article/45962.htm"
708;"解决ajax回调函数返回的字符串乱码问题";"https://www.jb51.net/article/45786.htm"
709;"一个奇怪的问题使用ajax提交必须alert才能赋值";"https://www.jb51.net/article/45744.htm"
710;"ajax 动态传递jsp等页面使用id辨识传递对象";"https://www.jb51.net/article/45743.htm"
711;"ajax怎么打开新窗口具体如何实现";"https://www.jb51.net/article/45737.htm"
712;"Ajax四种元素的关系介绍";"https://www.jb51.net/article/45543.htm"
713;"Ajax 提交表单数据到入库的全盘操作流程分享";"https://www.jb51.net/article/45345.htm"
714;"ajax浏览器兼容的问题探讨";"https://www.jb51.net/article/45314.htm"
715;"ajax同步异步简单实现";"https://www.jb51.net/article/45168.htm"
716;"$.ajax传JSON数据到后台出现报错问题解决";"https://www.jb51.net/article/45118.htm"
717;"STRUTS+AJAX+JSP 请求到后台乱码问题解决方法";"https://www.jb51.net/article/44798.htm"
718;"Ajax局部刷新应用案例---简单登录";"https://www.jb51.net/article/44402.htm"
719;"ajax智能提示+textbox动态生成下拉框示例代码";"https://www.jb51.net/article/44348.htm"
720;"iframe实现Ajax文件上传效果示例";"https://www.jb51.net/article/44131.htm"
721;"解析ajax核心XMLHTTPRequest对象的创建与浏览器的兼容问题";"https://www.jb51.net/article/44060.htm"
722;"如何实现ajax延时发送在空闲之后去发送ajax请求";"https://www.jb51.net/article/44040.htm"
723;"使用$.getJSON实现跨域ajax请求示例代码";"https://www.jb51.net/article/43782.htm"
724;"ajax提交session超时跳转页面使用全局的方法来处理";"https://www.jb51.net/article/43770.htm"
725;"探讨Ajax中同步与异步之间的区别";"https://www.jb51.net/article/43541.htm"
726;"ajax下载smartupload的内容无法显示汉字的解决方法";"https://www.jb51.net/article/43520.htm"
727;"用iframe设置代理解决ajax跨域请求问题";"https://www.jb51.net/article/43361.htm"
728;"HTTP状态代码及其定义解析 Ajax捕捉回调错误参考";"https://www.jb51.net/article/43324.htm"
729;"AJAX解析XML实例之下拉框省、市二级联动";"https://www.jb51.net/article/43217.htm"
730;"如何将ajax请求返回的Json格式数据循环输出成table形式";"https://www.jb51.net/article/42529.htm"
731;"AJAX中文乱码问题探讨及解决";"https://www.jb51.net/article/42393.htm"
732;"ajax提交加载进度条示例代码";"https://www.jb51.net/article/42094.htm"
733;"jQuery ajax中使用serialize()方法提交表单数据示例";"https://www.jb51.net/article/42091.htm"
734;"ajax jquery校验用户是否已经注册演示代码";"https://www.jb51.net/article/42036.htm"
735;"利用ajax实现简单的注册验证局部刷新实例";"https://www.jb51.net/article/41924.htm"
736;"ajax异步回调函数中给外部变量赋值的问题探讨";"https://www.jb51.net/article/41747.htm"
737;"Ajax获得站点文件内容实例";"https://www.jb51.net/article/41626.htm"
738;"ajax的工作原理以及异步请求的封装介绍";"https://www.jb51.net/article/41579.htm"
739;"提交表单最简单的AJAX程序分享";"https://www.jb51.net/article/41552.htm"
740;"ajax的两种提交方式(get/post)和两种版本";"https://www.jb51.net/article/41336.htm"
741;"AJAX实现鼠标经过弹出详细介绍示例";"https://www.jb51.net/article/41251.htm"
742;"ajax JSONP请求处理回调函数jsonpCallback区分大小写";"https://www.jb51.net/article/41199.htm"
743;"ajax后台处理返回json值示例代码";"https://www.jb51.net/article/41158.htm"
744;"asp.net jquery+ajax异步刷新实现示例";"https://www.jb51.net/article/41061.htm"
745;"IE下jquery ajax无法获得最新数据的问题解决(IE缓存)";"https://www.jb51.net/article/40990.htm"
746;"Ajax长连接项目案例";"https://www.jb51.net/article/40865.htm"
747;"Ajax叠加(Ajax返回数据用Ajax发出)示例代码";"https://www.jb51.net/article/40751.htm"
748;"Ajax方式删除表格一行数据示例代码";"https://www.jb51.net/article/40743.htm"
749;"Ajax工作原理深入理解";"https://www.jb51.net/article/40665.htm"
750;"ajax交互Struts2的action(客户端/服务器端)";"https://www.jb51.net/article/40591.htm"
751;"ajax局部刷新一个div下jsp内容的方法";"https://www.jb51.net/article/40589.htm"
752;"AJAX如何接收JSON数据示例介绍";"https://www.jb51.net/article/40535.htm"
753;"ajax jquery 异步表单验证示例代码";"https://www.jb51.net/article/40451.htm"
754;"jQuery的ajax传参巧用JSON使用示例(附Json插件)";"https://www.jb51.net/article/40388.htm"
755;"PHP+AJAX无刷新实现返回天气预报数据";"https://www.jb51.net/article/40170.htm"
756;"jquery ajax 向后台传递数组参数示例";"https://www.jb51.net/article/40131.htm"
757;"IIS7中Ajax.AjaxMethod无效的原因及解决方法";"https://www.jb51.net/article/40054.htm"
758;"ajax读取数据库内容实现二级联动下拉选择菜单示例";"https://www.jb51.net/article/40053.htm"
759;"AJAX在不同浏览器中XMLHttpRequest对象的生成示例";"https://www.jb51.net/article/40052.htm"
760;"asp.net中mvc使用ajax提交参数的匹配问题解决探讨";"https://www.jb51.net/article/40050.htm"
761;"ajax 防止用户反复提交的2种解决方案";"https://www.jb51.net/article/40049.htm"
762;"添加后台list给前台select标签赋值简单实现";"https://www.jb51.net/article/39850.htm"
763;"ajax返回的json内容进行排序使用sort()方法实现";"https://www.jb51.net/article/39703.htm"
764;"用juery的ajax方法调用aspx.cs页面中的webmethod方法示例";"https://www.jb51.net/article/39676.htm"
765;"Ajax 说的比较清楚的一篇文章";"https://www.jb51.net/article/39592.htm"
766;"Ajax 生成流文件下载(实现代码)";"https://www.jb51.net/article/39575.htm"
767;"浅析AJAX乱码及错误解决方案";"https://www.jb51.net/article/39571.htm"
768;"Ajax――异步检查用户名是否存在示例";"https://www.jb51.net/article/39452.htm"
769;"使用jquery 的ajax调用总是错误亲测的解决方法";"https://www.jb51.net/article/39370.htm"
770;"你的jquery ajax无效和你的jquery引入路径有关";"https://www.jb51.net/article/39313.htm"
771;"Ajax跨域查询完美解决通过$.getJSON()实现";"https://www.jb51.net/article/39238.htm"
772;"IE6中ajax aborted错误请求中断解决方法";"https://www.jb51.net/article/39012.htm"
773;"ajax动态为a标签href赋值不执行跳转的原因分析及解决";"https://www.jb51.net/article/38557.htm"
774;"ajax实现session不过期(避免页面过期的现象)";"https://www.jb51.net/article/38416.htm"
775;"Ajax传Jsond Mvc后台接收实例";"https://www.jb51.net/article/38238.htm"
776;"Ajax中浏览器的缓存问题解决方法";"https://www.jb51.net/article/37740.htm"
777;"AJAX和WebService实现省市县三级联动具体代码";"https://www.jb51.net/article/37219.htm"
778;"ajax传递一个参数具体实现";"https://www.jb51.net/article/37171.htm"
779;"ajax传递多个参数具体实现";"https://www.jb51.net/article/37169.htm"
780;"AJAX获取服务器当前时间及时间格式输出处理";"https://www.jb51.net/article/37165.htm"
781;"使用AJAX返回WebService里的集合具体实现";"https://www.jb51.net/article/37164.htm"
782;"AJAX和三层架构实现分页功能具体思路及代码";"https://www.jb51.net/article/37163.htm"
783;"AJAX和WebService实现邮箱验证(无刷新验证邮件地址是否合法)";"https://www.jb51.net/article/37161.htm"
784;"ajax 登录功能简单实现(未连接数据库)";"https://www.jb51.net/article/37154.htm"
785;"滑轮滚动到页面底部ajax加载数据配合jsonp实现探讨";"https://www.jb51.net/article/36768.htm"
786;"jQery ajax――load()方法示例介绍";"https://www.jb51.net/article/36679.htm"
787;"jQuery+Ajax实现表格数据不同列标题排序(为表格注入活力)";"https://www.jb51.net/article/36115.htm"
788;"利用Ajax实现在脚本里传值实例介绍";"https://www.jb51.net/article/35451.htm"
789;"JQuery+ajax实现批量上传图片(自写)";"https://www.jb51.net/article/35407.htm"
790;"jquery ajax实现批量删除具体思路及代码";"https://www.jb51.net/article/35338.htm"
791;"ajax中文乱码问题解决方案";"https://www.jb51.net/article/35295.htm"
792;"AJAX避免用户重复提交请求实现方案";"https://www.jb51.net/article/35292.htm"
793;"ajax的 IE cache 相关问题解决";"https://www.jb51.net/article/35261.htm"
794;"jquery ajax提交表单从action传值到jsp实现小结";"https://www.jb51.net/article/35251.htm"
795;"ajax struts2 下拉框赋值(适合所有)";"https://www.jb51.net/article/35092.htm"
796;"ajax的json传值方式在jsp页面中的应用";"https://www.jb51.net/article/34639.htm"
797;"Ajax $.getJSON案例详解";"https://www.jb51.net/article/34528.htm"
798;"AJAX(XMLHttpRequest.status)状态码";"https://www.jb51.net/article/34297.htm"
799;"利用AjaxControlToolkit实现百度搜索时的下拉列表提示详细步骤";"https://www.jb51.net/article/34032.htm"
800;"Ajax实现静态刷新页面过程带加载旋转图片";"https://www.jb51.net/article/33789.htm"
801;"JavaScript如何控制Session实现原理及代码";"https://www.jb51.net/article/33763.htm"
802;"Json数据异步绑定到界面的Table并且自动刷新原理及代码";"https://www.jb51.net/article/33762.htm"
803;"jQuery Ajax使用心得详细整理及注意事项";"https://www.jb51.net/article/33729.htm"
804;"利用iframe实现ajax跨域通信的实现原理(图解)";"https://www.jb51.net/article/33711.htm"
805;"JQuery的ajax的用法在asp中使用$.ajax()实现";"https://www.jb51.net/article/33669.htm"
806;"Ajax二级联动菜单实现原理及代码";"https://www.jb51.net/article/33658.htm"
807;"Ajax方式提交带文件上传的表单及隐藏iframe应用";"https://www.jb51.net/article/33582.htm"
808;"菜鸟蔡之Ajax复习第三篇(Ajax之无刷新登录)";"https://www.jb51.net/article/31736.htm"
809;"菜鸟蔡之Ajax复习第二篇(JQuery中的load()方法实现Ajax功能)";"https://www.jb51.net/article/31735.htm"
810;"菜鸟蔡之Ajax复习第一篇(后台asp.net)(传统的JavaScript方法实现Ajax功能)";"https://www.jb51.net/article/31734.htm"
811;"ajax中文乱码的各种解决办法总结";"https://www.jb51.net/article/31187.htm"
812;"AJAX中文乱码PHP中完美解决方法";"https://www.jb51.net/article/31186.htm"
813;"Ajax与JSON的一些学习总结";"https://www.jb51.net/article/30970.htm"
814;"ASP+AJAX+ACCESS数据库实例讲解三个步骤分享";"https://www.jb51.net/article/30753.htm"
815;"Ajax请求中的异步与同步，需要注意的地方说明";"https://www.jb51.net/article/30097.htm"
816;"多ajax请求的各类解决方案(同步, 队列, cancel请求)";"https://www.jb51.net/article/29940.htm"
817;"那些年，我还在学习Ajax 学习笔记";"https://www.jb51.net/article/29845.htm"
818;"javascript Ajax获取远程url的返回判断";"https://www.jb51.net/article/29537.htm"
819;"Ajax通讯原理XMLHttpRequest";"https://www.jb51.net/article/29284.htm"
820;"Ajax通用模板实现代码";"https://www.jb51.net/article/29141.htm"
821;"Ajax创建XMLHttp对象的完美兼容性代码";"https://www.jb51.net/article/29030.htm"
822;"看图理解 普通交互方式和Ajax交互方式区别";"https://www.jb51.net/article/29012.htm"
823;"好用的AJAX类代码分享";"https://www.jb51.net/article/29008.htm"
824;"防止ajax重复请求的方法(GET和POST)";"https://www.jb51.net/article/28569.htm"
825;"ajax后退解决方案";"https://www.jb51.net/article/28356.htm"
826;"Ajax常见问题有哪些？";"https://www.jb51.net/article/28311.htm"
827;"AJAX 请求区分 $_SERVER['HTTP_X_REQUESTED_WITH'] 小解";"https://www.jb51.net/article/27536.htm"
828;"PHP匹配连续的数字或字母的正则表达式";"https://www.jb51.net/article/27153.htm"
829;"用AJAX实现的无刷新的分页实现代码(asp.net)";"https://www.jb51.net/article/26883.htm"
830;"ajax问题总结 比较全";"https://www.jb51.net/article/26144.htm"
831;"ajax(iframe)无刷新提交表单、上传文件";"https://www.jb51.net/article/25919.htm"
832;"ajax回调函数参数传递正确方法";"https://www.jb51.net/article/25773.htm"
833;"Ajax中数据传递的另一种模式 javascript Object Notation思想（JSON）";"https://www.jb51.net/article/25569.htm"
834;"Ajax无刷新Url提交页面";"https://www.jb51.net/article/25131.htm"
835;"Ajax读取数据之分页显示篇实现代码";"https://www.jb51.net/article/25119.htm"
836;"Ajax添加数据与删除篇实现代码";"https://www.jb51.net/article/25118.htm"
837;"Ajax修改数据即时显示篇实现代码";"https://www.jb51.net/article/25117.htm"
838;"Ajax添加数据即时显示信息篇";"https://www.jb51.net/article/25116.htm"
839;"Ajax读取数据到表格的实现代码";"https://www.jb51.net/article/25115.htm"
840;"Ajax初试之读取数据篇实现代码";"https://www.jb51.net/article/25114.htm"
841;"Ajax开始准备入门篇";"https://www.jb51.net/article/25113.htm"
842;"什么是Ajax";"https://www.jb51.net/article/25112.htm"
843;"使用ajax加载的页面中包含的javascript的解决方法";"https://www.jb51.net/article/24710.htm"
844;"ajax以及一些乱码问题";"https://www.jb51.net/article/24614.htm"
845;"Ajax读取数据到表格的实现代码";"https://www.jb51.net/article/24563.htm"
846;"Ajax初试之读取数据篇";"https://www.jb51.net/article/24562.htm"
847;"Ajax开始准备篇";"https://www.jb51.net/article/24561.htm"
848;"AJAX下的请求方式以及同步异步的区别小结";"https://www.jb51.net/article/24483.htm"
849;"ajax完美解决的下拉框的onchange问题";"https://www.jb51.net/article/24458.htm"
850;"Ajax的内部实现机制、原理与实践小结";"https://www.jb51.net/article/23858.htm"
851;"让ajax更加友好的实现方法(实时显示后台处理进度。)";"https://www.jb51.net/article/23749.htm"
852;"给初学ajax的人 ajax函数代码";"https://www.jb51.net/article/23715.htm"
853;"asp.net+Ajax 文本文件静态分页实现代码";"https://www.jb51.net/article/23626.htm"
854;"Ajax使用杂谈 也许也是乱弹";"https://www.jb51.net/article/23472.htm"
855;"AJax 学习笔记二(onreadystatechange的作用)";"https://www.jb51.net/article/23177.htm"
856;"AJax 学习笔记一(XMLHTTPRequest对象)";"https://www.jb51.net/article/23176.htm"
857;"javascript ajax获取信息功能代码";"https://www.jb51.net/article/23163.htm"
858;"ajax 技术和原理分析";"https://www.jb51.net/article/22924.htm"
859;"AJAX开发技术在PHP开发中的简单应用技巧";"https://www.jb51.net/article/22910.htm"
860;"使用AJAX进行WEB应用程序开发的方法";"https://www.jb51.net/article/22899.htm"
861;"简单的AJAX实现(HELLO AJAX)";"https://www.jb51.net/article/22521.htm"
862;"Ajax xmlHttpRequest的status的值的含义";"https://www.jb51.net/article/22296.htm"
863;"十大最佳Ajax教程收集（图文）";"https://www.jb51.net/article/22093.htm"
864;"ajax 缓存 问题 requestheader";"https://www.jb51.net/article/22074.htm"
865;"js+AJAX异步从优酷专辑中采集所有视频及信息";"https://www.jb51.net/article/22030.htm"
866;"ajax实现的提交文章前进行敏感词审核的代码";"https://www.jb51.net/article/21998.htm"
867;"编码为GB2312网站让AJAX接收的数据显示支持中文";"https://www.jb51.net/article/21920.htm"
868;"AJAX在GB2312的中文编码传输 AJAX特殊字符编码正确方法";"https://www.jb51.net/article/21919.htm"
869;"一个AJAX类代码";"https://www.jb51.net/article/21850.htm"
870;"javascript对XMLHttpRequest异步请求的面向对象封装";"https://www.jb51.net/article/21509.htm"
871;"javascript ajax功能函数";"https://www.jb51.net/article/21482.htm"
872;"利用AJAX实现鼠标悬浮获取值的代码";"https://www.jb51.net/article/21246.htm"
873;"AJAX 二级级联菜单实现代码";"https://www.jb51.net/article/21132.htm"
874;"AJAX 实时读取输入文本(php)";"https://www.jb51.net/article/21130.htm"
875;"AJAX 动态获取当前时间(php)";"https://www.jb51.net/article/21129.htm"
876;"ajax 同步和异步XMLHTTP代码分析";"https://www.jb51.net/article/21112.htm"
877;"ajax+php 谷歌搜索框自动填充功能 实例代码";"https://www.jb51.net/article/21071.htm"
878;"AJAX 用户唯一性验证实现代码";"https://www.jb51.net/article/21070.htm"
879;"ajax 异步获取数据实现代码 （js创建ajax对象）";"https://www.jb51.net/article/21068.htm"
880;"使用jQuery简化Ajax开发";"https://www.jb51.net/article/20742.htm"
881;"5款Ajax 文件上传控件";"https://www.jb51.net/article/20596.htm"
882;"ajax 调用后台方法大家可以讨论下";"https://www.jb51.net/article/20438.htm"
883;"一款经典的ajax登录页面 后台asp.net";"https://www.jb51.net/article/20432.htm"
884;"AJAX 进度条实现代码";"https://www.jb51.net/article/20186.htm"
885;"Ajax 核心框架函数及例子";"https://www.jb51.net/article/20084.htm"
886;"Ajax Control Toolkit 34个服务器端控件";"https://www.jb51.net/article/20064.htm"
887;"揭开AJAX神秘的面纱(AJAX个人学习笔记)";"https://www.jb51.net/article/20063.htm"
888;"AJAX 客户端响应速度提高分析";"https://www.jb51.net/article/20037.htm"
889;"基于AJAX的分页类实现代码";"https://www.jb51.net/article/19856.htm"
890;"ajax 入门基础之 XMLHttpRequest对象总结";"https://www.jb51.net/article/19803.htm"
891;"AJAX 验证框架13个";"https://www.jb51.net/article/19673.htm"
892;"AJAX 图片展示框架56个 提升开发效率";"https://www.jb51.net/article/19672.htm"
893;"Ajax 程序开发中常见问题";"https://www.jb51.net/article/19671.htm"
894;"Ajax 返回字符串的过滤实现代码";"https://www.jb51.net/article/19575.htm"
895;"无框架 Ajax分页(原创)";"https://www.jb51.net/article/19567.htm"
896;"ajax 开发守则 10条说明";"https://www.jb51.net/article/19446.htm"
897;"AJAX 简介及入门实例";"https://www.jb51.net/article/19313.htm"
898;"Ajax 超时检查脚本";"https://www.jb51.net/article/19264.htm"
899;"Ajax 对象 包含post和get两种异步传输方式";"https://www.jb51.net/article/19261.htm"
900;"自己动手封装的 ajax";"https://www.jb51.net/article/19218.htm"
901;"ajax poller";"https://www.jb51.net/article/19189.htm"
902;"Ajax异步(请求)提交类 支持跨域";"https://www.jb51.net/article/19167.htm"
903;"四步学会 Ajax";"https://www.jb51.net/article/19099.htm"
904;"ajax session过期问题的几个解决方案";"https://www.jb51.net/article/19032.htm"
905;"javascript Ajax 类实现代码";"https://www.jb51.net/article/18992.htm"
906;"asp.net 全部选中与取消操作,选中后的删除(ajax)实现无刷新效果";"https://www.jb51.net/article/18519.htm"
907;"ajax 数据库中随机读取5条数据动态在页面中刷新";"https://www.jb51.net/article/18518.htm"
908;"ajax 服务器文本框自动填值";"https://www.jb51.net/article/18516.htm"
909;"ajax 乱码的一种解决方法";"https://www.jb51.net/article/18515.htm"
910;"AJAX 随记";"https://www.jb51.net/article/18347.htm"
911;"Ajax request response 乱码解决方法";"https://www.jb51.net/article/18217.htm"
912;"Ajax 表单验证 实现代码";"https://www.jb51.net/article/18186.htm"
913;"用ajax xml的数据读取的HelloWorld程序";"https://www.jb51.net/article/17749.htm"
914;"Ajax 框架学习笔记";"https://www.jb51.net/article/17600.htm"
915;"ajax Suggest类似google的搜索提示效果";"https://www.jb51.net/article/17442.htm"
916;"AJAX 支持搜索引擎问题分析";"https://www.jb51.net/article/17272.htm"
917;"完成了AJAX树附原理分析";"https://www.jb51.net/article/17240.htm"
918;"js装载xml文件然后发向服务器的实现代码";"https://www.jb51.net/article/17130.htm"
919;"ASP AJAX 静态分页";"https://www.jb51.net/article/17054.htm"
920;"AJAX 异步传输数据的问题";"https://www.jb51.net/article/16975.htm"
921;"Ajax+PHP简单基础入门实例教程";"https://www.jb51.net/article/16969.htm"
922;"Ajax 用户名验证是否存在";"https://www.jb51.net/article/16968.htm"
923;"php AJAX POST的使用实例代码";"https://www.jb51.net/article/16967.htm"
924;"ajax readyState的五种状态详解";"https://www.jb51.net/article/16966.htm"
925;"AJAX 用户注册时的应用实例";"https://www.jb51.net/article/16965.htm"
926;"ajax实例入门代码";"https://www.jb51.net/article/16498.htm"
927;"利用AJAX开源项目 在网页里播放视频实现方法";"https://www.jb51.net/article/16457.htm"
928;"使用ajax技术无刷新动态调用股票信息";"https://www.jb51.net/article/16348.htm"
929;"有史以来最简单的AJAX回调库";"https://www.jb51.net/article/16327.htm"
930;"一句话解决AJAX中文乱码问题[推荐]";"https://www.jb51.net/article/16127.htm"
931;"rails制作rss feed代码";"https://www.jb51.net/article/15990.htm"
932;"php ajax网站浏览统计功能的简单实现";"https://www.jb51.net/article/15981.htm"
933;"ajax实时任务提示功能的实现代码";"https://www.jb51.net/article/15980.htm"
934;"仿google搜索提示 SuggestFramework的使用";"https://www.jb51.net/article/15903.htm"
935;"php ajax无刷新上传图片实例代码";"https://www.jb51.net/article/15739.htm"
936;"Ajax获取页面被缓存的解决方法";"https://www.jb51.net/article/15738.htm"
937;"Ajax象棋演示和并提供代码下载";"https://www.jb51.net/article/15288.htm"
938;"ajax AjaxDownloader.js[modified]";"https://www.jb51.net/article/15155.htm"
939;"ie7下利用ajax跨域盗取cookie的解决办法";"https://www.jb51.net/article/15099.htm"
940;"javascript 拖动_cookie_ajax等";"https://www.jb51.net/article/14743.htm"
941;"Ajax核心XMLHTTP组件资料";"https://www.jb51.net/article/14724.htm"
942;"Ajax 的六个误区小结分析";"https://www.jb51.net/article/14651.htm"
943;"用Ajax读取xml文件的简单例子";"https://www.jb51.net/article/14298.htm"
944;"js统计网页在线时间的脚本";"https://www.jb51.net/article/14258.htm"
945;"AJAX javascript的跨域访问执行";"https://www.jb51.net/article/14229.htm"
946;"php ajax无刷新分页,支持id定位";"https://www.jb51.net/article/13954.htm"
947;"ajax类AJAXRequest v0.8.01 2008-01-31 最新版附使用帮助";"https://www.jb51.net/article/13569.htm"
948;"javascript ajax类AJAXRequest2007-12-31 更新";"https://www.jb51.net/article/13408.htm"
949;"ajaxrequest.js ajaxrequest 0.7最新版 使用AJAXRequest进行AJAX应用程序开发入门小技巧";"https://www.jb51.net/article/13162.htm"
950;"什么是ajax的定义";"https://www.jb51.net/article/13057.htm"
951;"PJBLOG中用到的ajaxjs.几个简单的函数";"https://www.jb51.net/article/12990.htm"
952;"XMLHTTP多浏览器兼容性写法";"https://www.jb51.net/article/12951.htm"
953;"用ajax实现在单击事件下加载一个DIV层的脚本";"https://www.jb51.net/article/12809.htm"
954;"asp+ajax实现静态页面分页的代码";"https://www.jb51.net/article/12795.htm"
955;"用ajax动态加载需要的js文件";"https://www.jb51.net/article/12793.htm"
956;"ajax+asp无限级分类树型结构的代码";"https://www.jb51.net/article/12615.htm"
957;"Ajax的小贴士使用小结";"https://www.jb51.net/article/12611.htm"
958;"AJAX 常用函数创建XMLHTTP对象，区别IE，Mozilla浏览器";"https://www.jb51.net/article/12594.htm"
959;"AJAX 缓存问题的两种解决方法(IE)";"https://www.jb51.net/article/12431.htm"
960;"AJAX集天气\IP\多国语言翻译MP3(可同步LRC歌词显示)\万年历查询通";"https://www.jb51.net/article/11307.htm"
961;"[asp]天枫AJAX blog V1.0 程序提供下载了";"https://www.jb51.net/article/11306.htm"
962;"[asp]天枫AJAX百度音乐即时听附下载";"https://www.jb51.net/article/11305.htm"
963;"Baidu Musicbox 用到的ajax代码";"https://www.jb51.net/article/11303.htm"
964;"xmlhttp 乱码 比较完整的解决方法 (UTF8,GB2312 编码 解码)";"https://www.jb51.net/article/11260.htm"
965;"本人ajax留言板的源程序 不错的应用js";"https://www.jb51.net/article/11257.htm"
966;"Ajax 学习资源 中外都有";"https://www.jb51.net/article/11256.htm"
967;"找到一款不错的基于AJAX留言板源码(PHP版、ASP版)提供下载了";"https://www.jb51.net/article/11255.htm"
968;"Ajax留言本源码 提供下载了";"https://www.jb51.net/article/11177.htm"
969;"AJAX简历系统附js文件";"https://www.jb51.net/article/11041.htm"
970;"也写一个Ajax.Request类附代码";"https://www.jb51.net/article/10993.htm"
971;"AJAX乱码解决新方法";"https://www.jb51.net/article/10586.htm"
972;"AJAX实现仿Google Suggest效果";"https://www.jb51.net/article/10520.htm"
973;"[js]一个获取页面ip的正则";"https://www.jb51.net/article/10511.htm"
974;"[js]一个获取页面ip的正则";"https://www.jb51.net/article/10510.htm"
975;"AJAX的阻塞及跨域名解析";"https://www.jb51.net/article/10501.htm"
976;"ASP+Ajax实现无刷新评论简单例子";"https://www.jb51.net/article/10491.htm"
977;"IE7下ajax之open Method New的说明";"https://www.jb51.net/article/10277.htm"
978;"一个简单的ASP+AJAX留言本源码下载";"https://www.jb51.net/article/10258.htm"
979;"AJAX防止页面缓存的代码";"https://www.jb51.net/article/10202.htm"
980;".NET2.0环境下的Ajax选型和应用（提供Demo源码下载）";"https://www.jb51.net/article/10018.htm"
981;"Ajax案例集下载：新增分页查询案例（包括《Ajax开发精要》中的两个综合案例） 下载";"https://www.jb51.net/article/10017.htm"
982;"AJAX和JSP实现的基于WEB的文件上传的进度控制代码";"https://www.jb51.net/article/10014.htm"
983;"DWR  util.js 学习笔记 整理";"https://www.jb51.net/article/9839.htm"
984;"强烈推荐 - Ajax 技术资源中心";"https://www.jb51.net/article/9838.htm"
985;"ajax视频课件 在线观看地址";"https://www.jb51.net/article/9837.htm"
986;"Ajax in action 英文版配书源码 下载";"https://www.jb51.net/article/9836.htm"
987;"Ajax实现无刷新三联动下拉框";"https://www.jb51.net/article/9740.htm"
988;"pjblog发表评论用的ajaxJS.js";"https://www.jb51.net/article/9688.htm"
989;"AJAX中同时发送多个请求XMLHttpRequest对象处理方法";"https://www.jb51.net/article/9547.htm"
990;"发现个AJAX图片浏览器SIMPLEVIEWER";"https://www.jb51.net/article/9546.htm"
991;"Ajax 无刷新在注册用户名时的应用的代码";"https://www.jb51.net/article/9545.htm"
992;"[js]轻便的XMLHttpRequest应用函数：downloadUrl()";"https://www.jb51.net/article/9344.htm"
993;"建一个XMLHttpRequest对象池";"https://www.jb51.net/article/9343.htm"
994;"ajax+php中文乱码解决办法";"https://www.jb51.net/article/9164.htm"
995;"Ajax中要注意的问题";"https://www.jb51.net/article/9163.htm"
996;"AJAX在Post中文的时候乱码的解决方法";"https://www.jb51.net/article/8935.htm"
997;"Ajax Hacks chm文件与源代码 下载";"https://www.jb51.net/article/8583.htm"
998;"一个封装的Ajax类";"https://www.jb51.net/article/8342.htm"
999;"浏览器跨域获取Lrc歌词数据的解决办法";"https://www.jb51.net/article/8341.htm"
1000;"AJAX技术基础介绍";"https://www.jb51.net/article/8316.htm"
1001;"Ajax并不神秘：揭下各种Ajax控件和类库的小裤衩";"https://www.jb51.net/article/8315.htm"
1002;"AJAX初级应用-RSS无刷新聚合器的代码与下载";"https://www.jb51.net/article/8146.htm"
1003;"用ajax自动加载blogjava和博客园的rss";"https://www.jb51.net/article/7942.htm"
1004;"asp+Ajax简单客户登陆验证";"https://www.jb51.net/article/7930.htm"
1005;"强烈推荐-ajax开发者必看的文章";"https://www.jb51.net/article/7929.htm"
1006;"AJAX和DOM的运行经验";"https://www.jb51.net/article/7903.htm"
1007;"AJAX实现web页面中级联菜单的设计";"https://www.jb51.net/article/7597.htm"
1008;"ajax中指定innerHTML时如何应用其中的SCRIPT的研究";"https://www.jb51.net/article/7591.htm"
1009;"用实现ajax读博客rss示例代码";"https://www.jb51.net/article/7589.htm"
1010;"Ajax读取XML实现动态下拉导航";"https://www.jb51.net/article/7345.htm"
1011;"一个AJAX自动完成功能的js封装源码[支持中文]";"https://www.jb51.net/article/7342.htm"
1012;"AjaxUI：滑动条";"https://www.jb51.net/article/6970.htm"
1013;"AjaxUI：鼠标拖拽";"https://www.jb51.net/article/6969.htm"
1014;"用AJAX技术聚合RSS";"https://www.jb51.net/article/6915.htm"
1015;"Ajax技术(WEB无刷新提交数据)";"https://www.jb51.net/article/6914.htm"
1016;"AJAX入门之深入理解JavaScript中的函数";"https://www.jb51.net/article/6912.htm"
1017;"Ajax.基础教程 电子书版 提供下载";"https://www.jb51.net/article/6889.htm"
1018;"天枫AJAX天气预报系统V1.0";"https://www.jb51.net/article/6824.htm"
1019;"AJAXCALL";"https://www.jb51.net/article/6811.htm"
1020;"完美ajax类　支持事件";"https://www.jb51.net/article/6716.htm"
1021;"ajax 自动完成下拉框 自动提示位置问题";"https://www.jb51.net/article/6706.htm"
1022;"纯AJAX分页，V0.2版 下载+演示";"https://www.jb51.net/article/6627.htm"
1023;"如何成为AJAX高手";"https://www.jb51.net/article/6621.htm"
1024;"AJAX初级聊天室代码";"https://www.jb51.net/article/6620.htm"
1025;"prototype试用整理资料";"https://www.jb51.net/article/6619.htm"
1026;"国内首发 -- ajax完整功能框架";"https://www.jb51.net/article/6618.htm"
1027;"用Ajax来控制书签和回退按钮的代码";"https://www.jb51.net/article/6617.htm"
1028;"配合AJAX天气预报的webService 之asp";"https://www.jb51.net/article/6616.htm"
1029;"AJAX天气预报前台";"https://www.jb51.net/article/6615.htm"
1030;"AJAX根据城市名，自动完成相应的城市信息";"https://www.jb51.net/article/6582.htm"
1031;"163 AJAX Tab";"https://www.jb51.net/article/6535.htm"
1032;"[ASP.NET AJAX]Function对象及Type类的方法介绍";"https://www.jb51.net/article/5994.htm"
1033;"AJAX客户端说明，XMLHttpRequest对象";"https://www.jb51.net/article/5992.htm"
1034;"[ASP.NET Ajax] ECMAScript基础类以及Asp.net Ajax对类&lt;Object&gt;的扩展";"https://www.jb51.net/article/5991.htm"
1035;"AJAX 常用函数";"https://www.jb51.net/article/5990.htm"
1036;"一个Ajax类";"https://www.jb51.net/article/5607.htm"
1037;"一个简单的AJAX请求类";"https://www.jb51.net/article/5524.htm"
1038;"AJAXRequest v0.2";"https://www.jb51.net/article/5523.htm"
1039;"一个方便AJAX开发的通用类";"https://www.jb51.net/article/5518.htm"
1040;"如何解决远程页面抓取中的乱码问题";"https://www.jb51.net/article/5436.htm"
1041;"用 ajax 的方法解决网页广告显示的问题";"https://www.jb51.net/article/5396.htm"
1042;"AJAX开发简略 (第一部分)";"https://www.jb51.net/article/5388.htm"
1043;"AJAX开发简略 (第二部分)";"https://www.jb51.net/article/5387.htm"
1044;"AJAX技术框架及开发工具";"https://www.jb51.net/article/5156.htm"
1045;"结合AJAX进行PHP开发之入门";"https://www.jb51.net/article/5074.htm"
1046;"PHP Ajax实现页面无刷新发表评论";"https://www.jb51.net/article/5033.htm"
1047;"ajax的 responseXML返回接受 asp";"https://www.jb51.net/article/4966.htm"
1048;"xajax的FORM例子";"https://www.jb51.net/article/4955.htm"
1049;"Ajax+Asp源代码]读取数据库内容的表格(没有用框架)";"https://www.jb51.net/article/4896.htm"
1050;"php与ajax一些经验";"https://www.jb51.net/article/4859.htm"
1051;"琥珀无限级分类联动菜单AJAX版";"https://www.jb51.net/article/4376.htm"
1052;"ajax代理程序,自动判断字符编码";"https://www.jb51.net/article/4335.htm"
1053;"一个有趣的Ajax Hack示范";"https://www.jb51.net/article/4198.htm"
1054;"Ajax Hacking";"https://www.jb51.net/article/4196.htm"
1055;"ajax实现标签导航";"https://www.jb51.net/article/4193.htm"
1056;"用Ajax读取XML格式的数据";"https://www.jb51.net/article/4192.htm"
1057;"Ajax loading gif generator";"https://www.jb51.net/article/4191.htm"
1058;"AJAX应用之草稿自动保存";"https://www.jb51.net/article/3670.htm"
1059;"Ajax标签导航效果(仿网易首页)";"https://www.jb51.net/article/3655.htm"
1060;"Ajax 和 Asp 的编程";"https://www.jb51.net/article/2859.htm"
1061;"PPJOKE 0.1 (网页嵌入聊天)提供下载";"https://www.jb51.net/article/2845.htm"
1062;"ajax.js里面有内容显示效果，根据ID";"https://www.jb51.net/article/2813.htm"
1063;"ajax发表 读取 评论";"https://www.jb51.net/article/2459.htm"
1064;"asp简单的ajax留言板(采用三层模式)";"https://www.jb51.net/article/2309.htm"
1065;"JSP+Ajax 添加、删除多选框";"https://www.jb51.net/article/2298.htm"
1066;"Ajax实现评论提交";"https://www.jb51.net/article/2295.htm"
1067;"ajax技术制作得在线歌词搜索功能";"https://www.jb51.net/article/1096.htm"
1068;"AJAX聊天室V1.0发布";"https://www.jb51.net/article/1075.htm"
1069;"变量冲突处理";"https://www.jb51.net/article/1071.htm"
1070;"AJAX开发者的最新工具和技术";"https://www.jb51.net/article/1069.htm"
1071;"AJAX实践DWR篇";"https://www.jb51.net/article/1068.htm"
1072;"利用XMLHTTP实现的二级连动Select";"https://www.jb51.net/article/1034.htm"
1073;"掌握AJAX";"https://www.jb51.net/article/1016.htm"
1074;"健壮的AJAX源码学习应用示例";"https://www.jb51.net/article/1015.htm"
1075;"asp简单的ajax留言板";"https://www.jb51.net/article/1006.htm"
1076;"Ajax乱码问题整理";"https://www.jb51.net/article/999.htm"
1077;"MPBrowser简易图片浏览器 v1.0";"https://www.jb51.net/article/864.htm"
1078;"如何使用ajax开发web应用程序";"https://www.jb51.net/article/777.htm"
1079;"流行的Ajax应用演示和源码下载";"https://www.jb51.net/article/736.htm"
1080;"Ajax按需读取数据生成下级菜单";"https://www.jb51.net/article/596.htm"
1081;"AJAX初体验之上手篇";"https://www.jb51.net/article/537.htm"
1082;"AJAX初体验之实战篇――打造博客无刷新搜索";"https://www.jb51.net/article/535.htm"
1083;"发布三个ajax相关的函数，包括无刷新提交表单等";"https://www.jb51.net/article/534.htm"
1084;"AJAX请求类";"https://www.jb51.net/article/533.htm"
1085;"基于 Ajax 的无限级菜单";"https://www.jb51.net/article/506.htm"
1086;"Ajax 汇总以及初步评价";"https://www.jb51.net/article/475.htm"
1087;"Flash & Ajax 操作 XML 实例:无刷新分页";"https://www.jb51.net/article/469.htm"
1088;"AJAX打造博客无刷新搜索";"https://www.jb51.net/article/450.htm"
1089;"ASP小偷程序如何利用XMLHTTP实现表单的提交";"https://www.jb51.net/article/444.htm"
1090;"建立XMLHttpRequest对象";"https://www.jb51.net/article/442.htm"
1091;"AJAX初体验之上手篇";"https://www.jb51.net/article/403.htm"
1092;"AJAX应用之注册用户即时检测";"https://www.jb51.net/article/322.htm"
1093;"Ajax技术(WEB无刷新提交数据)-";"https://www.jb51.net/article/291.htm"
1094;"ajax 不错的应用";"https://www.jb51.net/article/251.htm"
1095;"开始研究Ajax. 第一天";"https://www.jb51.net/article/223.htm"
1096;"ajax 检测用户名是否被占用";"https://www.jb51.net/article/212.htm"
1097;"XMLHttpRequest of ajax";"https://www.jb51.net/article/208.htm"
1098;"AJAX入门之深入理解JavaScript中的函数";"https://www.jb51.net/article/129.htm"
1099;"AJAX入门之XMLHttpRequest慨述";"https://www.jb51.net/article/128.htm"
1100;"ajax应用";"https://www.jb51.net/article/127.htm"
1101;"用javascript实现页面无刷新更新数据";"https://www.jb51.net/article/49.htm"
1102;"Ajax 网址备忘";"https://www.jb51.net/article/30.htm"
1103;"用AJAX技术聚合RSS";"https://www.jb51.net/article/11.htm"
1104;"Ajax内部交流文档";"https://www.jb51.net/article/10.htm"
