"id";"link"
1;"https://my.oschina.net/sanpeterguo/blog/872350"
2;"https://my.oschina.net/jk409/blog/313409"
3;"https://my.oschina.net/u/914655/blog/1581655"
4;"https://my.oschina.net/mickelfeng/blog/879771"
5;"https://my.oschina.net/pearma/blog/2171158"
6;"https://my.oschina.net/yonghan/blog/1833594"
7;"https://my.oschina.net/sukai/blog/1839190"
8;"https://my.oschina.net/v512345/blog/1542466"
9;"https://my.oschina.net/hochikong/blog/403437"
10;"https://my.oschina.net/u/1020043/blog/1609307"
11;"https://my.oschina.net/u/3921360/blog/1934085"
12;"https://my.oschina.net/Athrun1027/blog/1632573"
13;"https://my.oschina.net/zulechen/blog/358121"
14;"https://my.oschina.net/CIIren/blog/846869"
15;"https://my.oschina.net/pengfeix/blog/183861"
16;"https://my.oschina.net/u/2398693/blog/1799765"
17;"https://my.oschina.net/blgpl/blog/1819569"
18;"https://my.oschina.net/jk409/blog/342141"
19;"https://my.oschina.net/u/3768043/blog/1836972"
20;"https://my.oschina.net/ykbj/blog/2086068"
21;"https://my.oschina.net/sanpeterguo/blog/872350"
22;"https://my.oschina.net/jk409/blog/313409"
23;"https://my.oschina.net/u/914655/blog/1581655"
24;"https://my.oschina.net/mickelfeng/blog/879771"
25;"https://my.oschina.net/pearma/blog/2171158"
26;"https://my.oschina.net/yonghan/blog/1833594"
27;"https://my.oschina.net/sukai/blog/1839190"
28;"https://my.oschina.net/v512345/blog/1542466"
29;"https://my.oschina.net/hochikong/blog/403437"
30;"https://my.oschina.net/u/1020043/blog/1609307"
31;"https://my.oschina.net/u/3921360/blog/1934085"
32;"https://my.oschina.net/Athrun1027/blog/1632573"
33;"https://my.oschina.net/zulechen/blog/358121"
34;"https://my.oschina.net/CIIren/blog/846869"
35;"https://my.oschina.net/pengfeix/blog/183861"
36;"https://my.oschina.net/u/2398693/blog/1799765"
37;"https://my.oschina.net/blgpl/blog/1819569"
38;"https://my.oschina.net/jk409/blog/342141"
39;"https://my.oschina.net/u/3768043/blog/1836972"
40;"https://my.oschina.net/ykbj/blog/2086068"
41;"https://my.oschina.net/u/3921360/blog/1923539"
42;"https://my.oschina.net/longfirst/blog/355621"
43;"https://my.oschina.net/u/2333235/blog/796340"
44;"https://my.oschina.net/jk409/blog/342136"
45;"https://my.oschina.net/aven92/blog/487674"
46;"https://my.oschina.net/u/2263272/blog/888621"
47;"https://my.oschina.net/acutesun/blog/1502583"
48;"https://my.oschina.net/u/3921360/blog/1934928"
49;"https://my.oschina.net/u/914655/blog/1589380"
50;"https://my.oschina.net/yehun/blog/870939"
51;"https://my.oschina.net/sexgirl/blog/782053"
52;"https://my.oschina.net/sukai/blog/1795621"
53;"https://my.oschina.net/wtatsumi/blog/1924739"
54;"https://my.oschina.net/jeffyxj/blog/731930"
55;"https://my.oschina.net/jeffyxj/blog/731929"
56;"https://my.oschina.net/ykbj/blog/618730"
57;"https://my.oschina.net/hochikong/blog/389874"
58;"https://my.oschina.net/yehun/blog/870936"
59;"https://my.oschina.net/dingdayu/blog/1858240"
60;"https://my.oschina.net/zhezhiyong/blog/802922"
61;"https://my.oschina.net/u/3579120/blog/1508089"
62;"https://my.oschina.net/u/3579120/blog/1508083"
63;"https://my.oschina.net/u/1384571/blog/801336"
64;"https://my.oschina.net/ykbj/blog/617629"
65;"https://my.oschina.net/lanybass/blog/61896"
66;"https://my.oschina.net/goal/blog/199978"
67;"https://my.oschina.net/yves175/blog/854381"
68;"https://my.oschina.net/quanpower/blog/295371"
69;"https://my.oschina.net/lijsf/blog/158828"
70;"https://my.oschina.net/yihong/blog/819562"
71;"https://my.oschina.net/RabbitXiao/blog/1788605"
72;"https://my.oschina.net/yingning/blog/850133"
73;"https://my.oschina.net/dacoolbaby/blog/417645"
74;"https://my.oschina.net/CandyMi/blog/622490"
75;"https://my.oschina.net/lemonwater/blog/1811948"
76;"https://my.oschina.net/zhuangweihong/blog/851789"
77;"https://my.oschina.net/goskyblue/blog/532705"
78;"https://my.oschina.net/340StarObserver/blog/744381"
79;"https://my.oschina.net/zhuangweihong/blog/785351"
80;"https://my.oschina.net/u/2367514/blog/1940541"
81;"https://my.oschina.net/u/3778553/blog/1620199"
82;"https://my.oschina.net/aliao/blog/114320"
83;"https://my.oschina.net/acezio/blog/692795"
84;"https://my.oschina.net/yunyue/blog/166797"
85;"https://my.oschina.net/u/2258015/blog/338655"
86;"https://my.oschina.net/zhenfei/blog/1942539"
87;"https://my.oschina.net/zhuangweihong/blog/779354"
88;"https://my.oschina.net/RabbitXiao/blog/1583662"
89;"https://my.oschina.net/u/3767248/blog/1620962"
90;"https://my.oschina.net/u/3767248/blog/1621573"
91;"https://my.oschina.net/u/2333235/blog/1616788"
92;"https://my.oschina.net/greister/blog/487543"
93;"https://my.oschina.net/u/3767248/blog/1621266"
94;"https://my.oschina.net/yehun/blog/870926"
95;"https://my.oschina.net/u/2263272/blog/800570"
96;"https://my.oschina.net/dlpinghailinfeng/blog/362169"
97;"https://my.oschina.net/jianming/blog/1622656"
98;"https://my.oschina.net/zhuangweihong/blog/778235"
99;"https://my.oschina.net/yehun/blog/870938"
100;"https://my.oschina.net/u/2351685/blog/609060"
101;"https://my.oschina.net/styshoo/blog/757961"
102;"https://my.oschina.net/u/217662/blog/683583"
103;"https://my.oschina.net/zhuangweihong/blog/851768"
104;"https://my.oschina.net/cdsc/blog/1480226"
105;"https://my.oschina.net/zhuangweihong/blog/867214"
106;"https://my.oschina.net/u/272337/blog/490362"
107;"https://my.oschina.net/kxh/blog/165559"
108;"https://my.oschina.net/u/2306127/blog/662294"
109;"https://my.oschina.net/u/3767248/blog/1621028"
110;"https://my.oschina.net/ayy/blog/967638"
111;"https://my.oschina.net/u/3767248/blog/1621574"
112;"https://my.oschina.net/u/1020043/blog/1609311"
113;"https://my.oschina.net/greyli/blog/2088314"
114;"https://my.oschina.net/lunma/blog/2088236"
115;"https://my.oschina.net/u/3767248/blog/1621409"
116;"https://my.oschina.net/u/3767248/blog/1621410"
117;"https://my.oschina.net/RabbitXiao/blog/1787578"
118;"https://my.oschina.net/u/3767248/blog/1620990"
119;"https://my.oschina.net/yehun/blog/870928"
120;"https://my.oschina.net/u/997468/blog/880874"
121;"https://my.oschina.net/klausgao/blog/348246"
122;"https://my.oschina.net/hxily/blog/506200"
123;"https://my.oschina.net/u/3767248/blog/1621577"
124;"https://my.oschina.net/sol/blog/70677"
125;"https://my.oschina.net/u/3836952/blog/1836469"
126;"https://my.oschina.net/yves175/blog/840852"
127;"https://my.oschina.net/u/2345713/blog/1625499"
128;"https://my.oschina.net/greyli/blog/2088319"
129;"https://my.oschina.net/yehun/blog/870934"
130;"https://my.oschina.net/yehun/blog/870933"
131;"https://my.oschina.net/yehun/blog/870932"
132;"https://my.oschina.net/yehun/blog/870929"
133;"https://my.oschina.net/readerror/blog/1841365"
134;"https://my.oschina.net/ykbj/blog/618475"
135;"https://my.oschina.net/zhuangweihong/blog/856604"
136;"https://my.oschina.net/NoGameNoLife/blog/385952"
137;"https://my.oschina.net/goal/blog/200058"
138;"https://my.oschina.net/pydevops/blog/702401"
139;"https://my.oschina.net/ykbj/blog/618817"
140;"https://my.oschina.net/lanybass/blog/191375"
141;"https://my.oschina.net/u/3892643/blog/1836211"
142;"https://my.oschina.net/chinesezhx/blog/489479"
143;"https://my.oschina.net/u/1433482/blog/1926722"
144;"https://my.oschina.net/u/2275217/blog/522474"
145;"https://my.oschina.net/u/3953752/blog/1941708"
146;"https://my.oschina.net/snice/blog/679882"
147;"https://my.oschina.net/yves175/blog/1069013"
148;"https://my.oschina.net/u/3767248/blog/1621572"
149;"https://my.oschina.net/tinyhare/blog/756485"
150;"https://my.oschina.net/ranvane/blog/207319"
151;"https://my.oschina.net/u/3111469/blog/800591"
152;"https://my.oschina.net/pydevops/blog/702315"
153;"https://my.oschina.net/pydevops/blog/700788"
154;"https://my.oschina.net/yehun/blog/870937"
155;"https://my.oschina.net/u/3659713/blog/1982787"
156;"https://my.oschina.net/u/3767248/blog/1621103"
157;"https://my.oschina.net/yves175/blog/834467"
158;"https://my.oschina.net/u/217662/blog/683592"
159;"https://my.oschina.net/yehun/blog/870935"
160;"https://my.oschina.net/ykbj/blog/617723"
161;"https://my.oschina.net/janl/blog/790878"
162;"https://my.oschina.net/jianming/blog/1600716"
163;"https://my.oschina.net/jianming/blog/1600717"
164;"https://my.oschina.net/douglas/blog/913586"
165;"https://my.oschina.net/lanybass/blog/63228"
166;"https://my.oschina.net/u/2275217/blog/1935667"
167;"https://my.oschina.net/hxily/blog/603273"
168;"https://my.oschina.net/u/3153125/blog/808014"
169;"https://my.oschina.net/pydevops/blog/700983"
170;"https://my.oschina.net/cppblog/blog/325886"
171;"https://my.oschina.net/shengnoah/blog/503639"
172;"https://my.oschina.net/pydevops/blog/702322"
173;"https://my.oschina.net/pydevops/blog/702326"
174;"https://my.oschina.net/pydevops/blog/702399"
175;"https://my.oschina.net/pydevops/blog/702867"
176;"https://my.oschina.net/zhangzhe/blog/415084"
177;"https://my.oschina.net/smallfan/blog/1801856"
178;"https://my.oschina.net/u/3115081/blog/803405"
179;"https://my.oschina.net/janl/blog/700525"
180;"https://my.oschina.net/gotham/blog/159711"
181;"https://my.oschina.net/klausgao/blog/340990"
182;"https://my.oschina.net/dchuang/blog/489717"
183;"https://my.oschina.net/klausgao/blog/359237"
184;"https://my.oschina.net/letiantian/blog/225609"
185;"https://my.oschina.net/ykbj/blog/656615"
186;"https://my.oschina.net/u/3851199/blog/1944821"
187;"https://my.oschina.net/phshentu/blog/652396"
188;"https://my.oschina.net/lanybass/blog/64721"
189;"https://my.oschina.net/u/2333235/blog/796389"
190;"https://my.oschina.net/u/3767248/blog/1621582"
191;"https://my.oschina.net/pydevops/blog/700820"
192;"https://my.oschina.net/pydevops/blog/700947"
193;"https://my.oschina.net/pydevops/blog/702309"
194;"https://my.oschina.net/pydevops/blog/700941"
195;"https://my.oschina.net/zhangchaoquan/blog/1506290"
196;"https://my.oschina.net/zhuangweihong/blog/789976"
197;"https://my.oschina.net/zhuangweihong/blog/780913"
198;"https://my.oschina.net/u/3579120/blog/1508043"
199;"https://my.oschina.net/u/3579120/blog/1508034"
200;"https://my.oschina.net/pydevops/blog/700793"
201;"https://my.oschina.net/pydevops/blog/691468"
202;"https://my.oschina.net/klausgao/blog/359131"
203;"https://my.oschina.net/ayy/blog/631143"
204;"https://my.oschina.net/u/3646781/blog/1591330"
205;"https://my.oschina.net/u/3753872/blog/1647595"
206;"https://my.oschina.net/jansonlv/blog/1637917"
207;"https://my.oschina.net/frostz/blog/316758"
208;"https://my.oschina.net/tplinuxhyh/blog/704369"
209;"https://my.oschina.net/s10086/blog/680522"
210;"https://my.oschina.net/zhuhonglin/blog/1825183"
211;"https://my.oschina.net/mickelfeng/blog/864414"
212;"https://my.oschina.net/duanpeng/blog/376074"
213;"https://my.oschina.net/u/3579120/blog/1507555"
214;"https://my.oschina.net/935572630/blog/369956"
215;"https://my.oschina.net/pydevops/blog/693698"
216;"https://my.oschina.net/u/3767248/blog/1621455"
217;"https://my.oschina.net/yehun/blog/870931"
218;"https://my.oschina.net/tinyhare/blog/752144"
219;"https://my.oschina.net/janl/blog/872447"
220;"https://my.oschina.net/u/2491321/blog/651757"
221;"https://my.oschina.net/pydevops/blog/690334"
222;"https://my.oschina.net/mickelfeng/blog/863985"
223;"https://my.oschina.net/u/3579120/blog/1533558"
224;"https://my.oschina.net/u/3579120/blog/1533508"
225;"https://my.oschina.net/hexie/blog/730259"
226;"https://my.oschina.net/u/3720876/blog/1630758"
227;"https://my.oschina.net/u/3801402/blog/1784754"
228;"https://my.oschina.net/panghulu/blog/694026"
229;"https://my.oschina.net/u/3579120/blog/1533553"
230;"https://my.oschina.net/nichijou/blog/756415"
231;"https://my.oschina.net/apoptosis/blog/167950"
232;"https://my.oschina.net/leejun2005/blog/145461"
233;"https://my.oschina.net/godofpath/blog/655179"
234;"https://my.oschina.net/u/1462124/blog/611471"
235;"https://my.oschina.net/quanpower/blog/113431"
236;"https://my.oschina.net/u/3579120/blog/1533396"
237;"https://my.oschina.net/u/3317385/blog/878048"
238;"https://my.oschina.net/ytqvip/blog/755100"
239;"https://my.oschina.net/kooksee/blog/542424"
240;"https://my.oschina.net/u/3579120/blog/1533496"
241;"https://my.oschina.net/ahaoboy/blog/1818324"
242;"https://my.oschina.net/935572630/blog/369961"
243;"https://my.oschina.net/leejun2005/blog/170925"
244;"https://my.oschina.net/u/3753872/blog/1649940"
245;"https://my.oschina.net/935572630/blog/369958"
246;"https://my.oschina.net/yves175/blog/840889"
247;"https://my.oschina.net/tasker/blog/1480959"
248;"https://my.oschina.net/u/3193575/blog/888459"
249;"https://my.oschina.net/935572630/blog/371449"
250;"https://my.oschina.net/935572630/blog/371445"
251;"https://my.oschina.net/935572630/blog/369962"
252;"https://my.oschina.net/lenglingx/blog/635302"
253;"https://my.oschina.net/u/3753872/blog/1648230"
254;"https://my.oschina.net/u/3753872/blog/1648229"
255;"https://my.oschina.net/u/3753872/blog/1647802"
256;"https://my.oschina.net/lionets/blog/418128"
257;"https://my.oschina.net/CandyMi/blog/622465"
258;"https://my.oschina.net/CandyMi/blog/622470"
259;"https://my.oschina.net/CandyMi/blog/621997"
260;"https://my.oschina.net/u/2440318/blog/782689"
261;"https://my.oschina.net/935572630/blog/373744"
262;"https://my.oschina.net/CandyMi/blog/622043"
263;"https://my.oschina.net/u/267603/blog/1589409"
264;"https://my.oschina.net/ayy/blog/626163"
265;"https://my.oschina.net/frostz/blog/323691"
266;"https://my.oschina.net/u/2367514/blog/1940625"
267;"https://my.oschina.net/hochikong/blog/403525"
268;"https://my.oschina.net/hochikong/blog/399066"
269;"https://my.oschina.net/u/3579120/blog/1533576"
270;"https://my.oschina.net/learnbo/blog/860480"
271;"https://my.oschina.net/ltoddyc/blog/1530220"
272;"https://my.oschina.net/935572630/blog/372307"
273;"https://my.oschina.net/935572630/blog/371473"
274;"https://my.oschina.net/luoyedao/blog/1822798"
275;"https://my.oschina.net/jpushtech/blog/1817087"
276;"https://my.oschina.net/quanpower/blog/203824"
277;"https://my.oschina.net/xlue/blog/326725"
278;"https://my.oschina.net/u/3767248/blog/1617983"
279;"https://my.oschina.net/CandyMi/blog/621995"
280;"https://my.oschina.net/jk409/blog/366086"
281;"https://my.oschina.net/luoyedao/blog/1823204"
282;"https://my.oschina.net/935572630/blog/372241"
283;"https://my.oschina.net/youyan/blog/844033"
284;"https://my.oschina.net/u/3753872/blog/1647987"
285;"https://my.oschina.net/ranvane/blog/196906"
286;"https://my.oschina.net/935572630/blog/371447"
287;"https://my.oschina.net/u/3753872/blog/1649465"
288;"https://my.oschina.net/wuliong/blog/1621067"
289;"https://my.oschina.net/u/2342911/blog/686358"
290;"https://my.oschina.net/luoyedao/blog/1823142"
291;"https://my.oschina.net/CandyMi/blog/622020"
292;"https://my.oschina.net/CandyMi/blog/622047"
293;"https://my.oschina.net/ritchielei/blog/673044"
294;"https://my.oschina.net/u/3579120/blog/1533455"
295;"https://my.oschina.net/935572630/blog/369959"
296;"https://my.oschina.net/luoyedao/blog/1823036"
297;"https://my.oschina.net/CandyMi/blog/622464"
298;"https://my.oschina.net/u/3579120/blog/1533483"
299;"https://my.oschina.net/u/2358213/blog/425780"
300;"https://my.oschina.net/lvyi/blog/424682"
301;"https://my.oschina.net/935572630/blog/373360"
302;"https://my.oschina.net/lemonwater/blog/1531920"
303;"https://my.oschina.net/jk409/blog/366084"
304;"https://my.oschina.net/CandyMi/blog/622008"
305;"https://my.oschina.net/u/3579120/blog/1533389"
306;"https://my.oschina.net/yueban/blog/627762"
307;"https://my.oschina.net/CandyMi/blog/622466"
308;"https://my.oschina.net/luoyedao/blog/1823234"
309;"https://my.oschina.net/kooksee/blog/542417"
310;"https://my.oschina.net/pydevops/blog/700801"
311;"https://my.oschina.net/ranvane/blog/215644"
312;"https://my.oschina.net/wtzheng/blog/1816655"
313;"https://my.oschina.net/u/3579120/blog/1533515"
314;"https://my.oschina.net/u/3222944/blog/1358285"
315;"https://my.oschina.net/freegeek/blog/469790"
316;"https://my.oschina.net/yehun/blog/893179"
317;"https://my.oschina.net/935572630/blog/372310"
318;"https://my.oschina.net/935572630/blog/372312"
319;"https://my.oschina.net/hexie/blog/730271"
320;"https://my.oschina.net/ranvane/blog/196907"
321;"https://my.oschina.net/u/3579120/blog/1533429"
322;"https://my.oschina.net/u/3767248/blog/1619888"
323;"https://my.oschina.net/u/2474096/blog/870645"
324;"https://my.oschina.net/viakiba/blog/1544246"
325;"https://my.oschina.net/u/2440318/blog/810085"
326;"https://my.oschina.net/u/3579120/blog/1533391"
327;"https://my.oschina.net/u/3346994/blog/903457"
328;"https://my.oschina.net/hxily/blog/538231"
329;"https://my.oschina.net/u/2285247/blog/1549018"
330;"https://my.oschina.net/u/2599860/blog/603471"
331;"https://my.oschina.net/kooksee/blog/542422"
332;"https://my.oschina.net/yonghan/blog/1647287"
333;"https://my.oschina.net/u/3222944/blog/1358303"
334;"https://my.oschina.net/apoptosis/blog/165381"
335;"https://my.oschina.net/caomenglong/blog/714294"
336;"https://my.oschina.net/935572630/blog/371446"
337;"https://my.oschina.net/u/2254175/blog/370058"
338;"https://my.oschina.net/u/3579120/blog/1533424"
339;"https://my.oschina.net/zhiqiangwang/blog/1785810"
340;"https://my.oschina.net/u/3849396/blog/1821588"
341;"https://my.oschina.net/learnbo/blog/859858"
342;"https://my.oschina.net/935572630/blog/367838"
343;"https://my.oschina.net/935572630/blog/370829"
344;"https://my.oschina.net/u/3699676/blog/1544961"
345;"https://my.oschina.net/CandyMi/blog/622019"
346;"https://my.oschina.net/u/3753872/blog/1648227"
347;"https://my.oschina.net/u/3579120/blog/1533489"
348;"https://my.oschina.net/u/3579120/blog/1533386"
349;"https://my.oschina.net/ghm7753/blog/527035"
350;"https://my.oschina.net/yingning/blog/807636"
351;"https://my.oschina.net/XoAWFJYXq5/blog/693039"
352;"https://my.oschina.net/CandyMi/blog/622028"
353;"https://my.oschina.net/u/130801/blog/135372"
354;"https://my.oschina.net/u/3579120/blog/1533471"
355;"https://my.oschina.net/lemosa/blog/488601"
356;"https://my.oschina.net/phper1234/blog/1498969"
357;"https://my.oschina.net/justfairytale/blog/614897"
358;"https://my.oschina.net/artwl/blog/694300"
359;"https://my.oschina.net/swfeng/blog/1523699"
360;"https://my.oschina.net/leejun2005/blog/615953"
361;"https://my.oschina.net/learnbo/blog/863903"
362;"https://my.oschina.net/learnbo/blog/863216"
363;"https://my.oschina.net/learnbo/blog/863212"
364;"https://my.oschina.net/learnbo/blog/863671"
365;"https://my.oschina.net/learnbo/blog/863211"
366;"https://my.oschina.net/learnbo/blog/863217"
367;"https://my.oschina.net/learnbo/blog/863215"
368;"https://my.oschina.net/learnbo/blog/860483"
369;"https://my.oschina.net/learnbo/blog/863902"
370;"https://my.oschina.net/learnbo/blog/860485"
371;"https://my.oschina.net/learnbo/blog/863904"
372;"https://my.oschina.net/wdyoschina/blog/701872"
373;"https://my.oschina.net/NorthOcean/blog/806070"
374;"https://my.oschina.net/u/217662/blog/683585"
375;"https://my.oschina.net/ericxzh/blog/717520"
376;"https://my.oschina.net/harmel/blog/817091"
377;"https://my.oschina.net/mickelfeng/blog/879644"
378;"https://my.oschina.net/u/3222944/blog/1359164"
379;"https://my.oschina.net/935572630/blog/369954"
380;"https://my.oschina.net/u/175377/blog/90364"
381;"https://my.oschina.net/u/3222944/blog/1359141"
382;"https://my.oschina.net/jpushtech/blog/876073"
383;"https://my.oschina.net/huanghongqiao/blog/1545292"
384;"https://my.oschina.net/flywuya/blog/1791337"
385;"https://my.oschina.net/935572630/blog/369960"
386;"https://my.oschina.net/u/3579120/blog/1533468"
387;"https://my.oschina.net/cooler1217/blog/548958"
388;"https://my.oschina.net/u/3579120/blog/1533528"
389;"https://my.oschina.net/tasker/blog/829403"
390;"https://my.oschina.net/jpushtech/blog/880872"
391;"https://my.oschina.net/CandyMi/blog/622473"
392;"https://my.oschina.net/oneapmofficial/blog/478831"
393;"https://my.oschina.net/leejun2005/blog/167332"
394;"https://my.oschina.net/lemonwater/blog/1549192"
395;"https://my.oschina.net/leejun2005/blog/175364"
396;"https://my.oschina.net/lvyi/blog/542662"
397;"https://my.oschina.net/ltoddyc/blog/1530227"
398;"https://my.oschina.net/yj1993/blog/1580499"
399;"https://my.oschina.net/ltoddyc/blog/1530222"
400;"https://my.oschina.net/pydevops/blog/686572"
401;"https://my.oschina.net/CandyMi/blog/622467"
402;"https://my.oschina.net/pp219/blog/417411"
403;"https://my.oschina.net/jpushtech/blog/877364"
404;"https://my.oschina.net/apoptosis/blog/165736"
405;"https://my.oschina.net/u/130801/blog/135371"
406;"https://my.oschina.net/u/3753872/blog/1649930"
407;"https://my.oschina.net/u/2435120/blog/632346"
408;"https://my.oschina.net/sharesuiyue/blog/792643"
409;"https://my.oschina.net/ahaoboy/blog/1807067"
410;"https://my.oschina.net/935572630/blog/375758"
411;"https://my.oschina.net/u/217662/blog/675978"
412;"https://my.oschina.net/u/3579120/blog/1533430"
413;"https://my.oschina.net/u/3753872/blog/1647785"
414;"https://my.oschina.net/jpushtech/blog/879543"
415;"https://my.oschina.net/xiaopei/blog/904516"
416;"https://my.oschina.net/u/2419152/blog/492467"
417;"https://my.oschina.net/u/3352375/blog/887022"
418;"https://my.oschina.net/lyle001/blog/638584"
419;"https://my.oschina.net/CandyMi/blog/622022"
420;"https://my.oschina.net/zhuangweihong/blog/794543"
421;"https://my.oschina.net/freegeek/blog/221865"
422;"https://my.oschina.net/learnbo/blog/860475"
423;"https://my.oschina.net/xxjbs001/blog/361736"
424;"https://my.oschina.net/xpleaf/blog/636350"
425;"https://my.oschina.net/u/3753872/blog/1650019"
426;"https://my.oschina.net/u/3753872/blog/1649417"
427;"https://my.oschina.net/u/1985061/blog/422579"
428;"https://my.oschina.net/u/2254175/blog/369550"
429;"https://my.oschina.net/jastme/blog/284704"
430;"https://my.oschina.net/acutesun/blog/1502795"
431;"https://my.oschina.net/u/588516/blog/1836874"
432;"https://my.oschina.net/u/1177382/blog/193536"
433;"https://my.oschina.net/zhenfei/blog/2032411"
434;"https://my.oschina.net/yj1993/blog/1577421"
435;"https://my.oschina.net/u/3753872/blog/1647693"
436;"https://my.oschina.net/lemonwater/blog/1813778"
437;"https://my.oschina.net/u/3753872/blog/1647737"
438;"https://my.oschina.net/u/218676/blog/906447"
439;"https://my.oschina.net/ltoddyc/blog/1530225"
440;"https://my.oschina.net/yves175/blog/842610"
441;"https://my.oschina.net/ltoddyc/blog/1530221"
442;"https://my.oschina.net/u/1462124/blog/521300"
443;"https://my.oschina.net/u/217662/blog/677276"
444;"https://my.oschina.net/u/217662/blog/714920"
445;"https://my.oschina.net/lemonwater/blog/1546318"
446;"https://my.oschina.net/hopeMan/blog/637109"
447;"https://my.oschina.net/u/3208730/blog/1488584"
448;"https://my.oschina.net/klausgao/blog/350701"
449;"https://my.oschina.net/lemonwater/blog/1546316"
450;"https://my.oschina.net/u/3753872/blog/1649986"
451;"https://my.oschina.net/yj1993/blog/1583303"
452;"https://my.oschina.net/lemonwater/blog/1546323"
453;"https://my.oschina.net/lemonwater/blog/1546314"
454;"https://my.oschina.net/lemonwater/blog/1546234"
455;"https://my.oschina.net/lemonwater/blog/1546320"
456;"https://my.oschina.net/u/3579120/blog/1508112"
457;"https://my.oschina.net/u/3579120/blog/1508111"
458;"https://my.oschina.net/u/2357606/blog/407473"
459;"https://my.oschina.net/happyBKs/blog/376413"
460;"https://my.oschina.net/ltoddyc/blog/1530224"
461;"https://my.oschina.net/lemonwater/blog/1546326"
462;"https://my.oschina.net/u/1462124/blog/476406"
463;"https://my.oschina.net/klausgao/blog/368212"
464;"https://my.oschina.net/ranvane/blog/217579"
465;"https://my.oschina.net/CandyMi/blog/622035"
466;"https://my.oschina.net/u/1185936/blog/1595315"
467;"https://my.oschina.net/tplinuxhyh/blog/704412"
468;"https://my.oschina.net/gotham/blog/411491"
469;"https://my.oschina.net/lionets/blog/410973"
470;"https://my.oschina.net/Traveller/blog/729606"
471;"https://my.oschina.net/zfschool/blog/995655"
472;"https://my.oschina.net/crooner/blog/519694"
473;"https://my.oschina.net/u/2603728/blog/1982413"
474;"https://my.oschina.net/iioschina/blog/1930254"
475;"https://my.oschina.net/u/3858784/blog/1934153"
476;"https://my.oschina.net/osccreate/blog/757211"
477;"https://my.oschina.net/u/3849319/blog/1832498"
478;"https://my.oschina.net/u/3892643/blog/1863268"
479;"https://my.oschina.net/u/3921360/blog/1914460"
480;"https://my.oschina.net/u/90679/blog/106725"
481;"https://my.oschina.net/yj1993/blog/1579387"
482;"https://my.oschina.net/lemonwater/blog/1550300"
483;"https://my.oschina.net/jiandaima/blog/881039"
484;"https://my.oschina.net/youyan/blog/849858"
485;"https://my.oschina.net/miclewang/blog/1922884"
486;"https://my.oschina.net/simeon/blog/1615609"
487;"https://my.oschina.net/u/2398693/blog/1799651"
488;"https://my.oschina.net/u/3889140/blog/1838796"
489;"https://my.oschina.net/u/3849396/blog/1836269"
490;"https://my.oschina.net/XM2014/blog/1542369"
491;"https://my.oschina.net/u/437309/blog/1862966"
492;"https://my.oschina.net/u/3726752/blog/1926059"
493;"https://my.oschina.net/u/3138954/blog/869670"
494;"https://my.oschina.net/u/2317468/blog/1928114"
495;"https://my.oschina.net/u/3934038/blog/1925178"
496;"https://my.oschina.net/u/3839556/blog/1858723"
497;"https://my.oschina.net/u/3849396/blog/1921259"
498;"https://my.oschina.net/u/3314358/blog/1845381"
499;"https://my.oschina.net/ranvane/blog/295939"
500;"https://my.oschina.net/u/3419498/blog/1814750"
501;"https://my.oschina.net/lemonwater/blog/1617028"
502;"https://my.oschina.net/yj1993/blog/1601561"
503;"https://my.oschina.net/feanlau/blog/1576090"
504;"https://my.oschina.net/lemonwater/blog/1548729"
505;"https://my.oschina.net/tushuchen/blog/789970"
506;"https://my.oschina.net/timluo/blog/346292"
507;"https://my.oschina.net/hao7234/blog/478128"
508;"https://my.oschina.net/u/3849396/blog/1923942"
509;"https://my.oschina.net/u/2424163/blog/2120294"
510;"https://my.oschina.net/skullzgr/blog/1861053"
511;"https://my.oschina.net/huazhangbook/blog/1975990"
512;"https://my.oschina.net/xpleaf/blog/636352"
513;"https://my.oschina.net/devqianlong/blog/1835523"
514;"https://my.oschina.net/huanghongqiao/blog/1545311"
515;"https://my.oschina.net/huanghongqiao/blog/1545289"
516;"https://my.oschina.net/u/2472105/blog/2048720"
517;"https://my.oschina.net/gotham/blog/295809"
518;"https://my.oschina.net/u/2333235/blog/993743"
519;"https://my.oschina.net/Char1998/blog/907749"
520;"https://my.oschina.net/lemonwater/blog/1546321"
521;"https://my.oschina.net/ltoddyc/blog/1530229"
522;"https://my.oschina.net/ltoddyc/blog/1530228"
523;"https://my.oschina.net/lemonwater/blog/1499558"
524;"https://my.oschina.net/u/3222944/blog/1456894"
525;"https://my.oschina.net/u/2435120/blog/632339"
526;"https://my.oschina.net/VennLee/blog/423175"
527;"https://my.oschina.net/liusicong/blog/272852"
528;"https://my.oschina.net/u/585729/blog/1558030"
529;"https://my.oschina.net/lvhongqing/blog/787811"
530;"https://my.oschina.net/pydevops/blog/690931"
531;"https://my.oschina.net/corleone/blog/1815186"
532;"https://my.oschina.net/lemonwater/blog/1477041"
533;"https://my.oschina.net/u/1185936/blog/1595149"
534;"https://my.oschina.net/justfairytale/blog/552982"
535;"https://my.oschina.net/u/3767248/blog/1617971"
536;"https://my.oschina.net/u/1029481/blog/151986"
537;"https://my.oschina.net/u/856051/blog/1476041"
538;"https://my.oschina.net/jk409/blog/707931"
539;"https://my.oschina.net/lionets/blog/711161"
540;"https://my.oschina.net/ranvane/blog/614099"
541;"https://my.oschina.net/ism/blog/1547332"
542;"https://my.oschina.net/iconan/blog/296628"
543;"https://my.oschina.net/lemonwater/blog/1546333"
544;"https://my.oschina.net/lemonwater/blog/1523580"
545;"https://my.oschina.net/lemosa/blog/488144"
546;"https://my.oschina.net/shiyanlou/blog/519739"
547;"https://my.oschina.net/tianmaxingkongdeyu/blog/749686"
548;"https://my.oschina.net/letiantian/blog/543019"
549;"https://my.oschina.net/935572630/blog/372313"
550;"https://my.oschina.net/u/3942476/blog/1930740"
551;"https://my.oschina.net/eddylinux/blog/1540383"
552;"https://my.oschina.net/u/3663028/blog/1554459"
553;"https://my.oschina.net/u/2351685/blog/611120"
554;"https://my.oschina.net/u/3753872/blog/1647919"
555;"https://my.oschina.net/sanpeterguo/blog/1501369"
556;"https://my.oschina.net/aibati2008/blog/756844"
557;"https://my.oschina.net/lenglingx/blog/759874"
558;"https://my.oschina.net/u/2247638/blog/748660"
559;"https://my.oschina.net/u/149784/blog/820805"
560;"https://my.oschina.net/goskyblue/blog/482853"
561;"https://my.oschina.net/xxjbs001/blog/188477"
562;"https://my.oschina.net/u/3572879/blog/1560009"
563;"https://my.oschina.net/u/2333235/blog/1529551"
564;"https://my.oschina.net/hochikong/blog/1525192"
565;"https://my.oschina.net/xuesong0204/blog/1621187"
566;"https://my.oschina.net/u/1462124/blog/1503447"
567;"https://my.oschina.net/klausgao/blog/379273"
568;"https://my.oschina.net/shiyanlou/blog/356764"
569;"https://my.oschina.net/u/3387573/blog/1610646"
570;"https://my.oschina.net/aub/blog/1079097"
571;"https://my.oschina.net/u/3137408/blog/805342"
572;"https://my.oschina.net/u/3611008/blog/1840759"
573;"https://my.oschina.net/u/1993252/blog/1546739"
574;"https://my.oschina.net/shaochuan/blog/1498837"
575;"https://my.oschina.net/u/3500085/blog/907492"
576;"https://my.oschina.net/yehun/blog/870917"
577;"https://my.oschina.net/tevisky/blog/810154"
578;"https://my.oschina.net/wzwahl36/blog/775781"
579;"https://my.oschina.net/quanzl/blog/660813"
580;"https://my.oschina.net/sii/blog/652164"
581;"https://my.oschina.net/u/2351685/blog/609115"
582;"https://my.oschina.net/lpe234/blog/531603"
583;"https://my.oschina.net/pengfeix/blog/127290"
584;"https://my.oschina.net/hnuweiwei/blog/1186597"
585;"https://my.oschina.net/mindfind/blog/745571"
586;"https://my.oschina.net/banxi/blog/126695"
587;"https://my.oschina.net/jjyuangu/blog/2054473"
588;"https://my.oschina.net/u/3732298/blog/1591424"
589;"https://my.oschina.net/sukai/blog/1535997"
590;"https://my.oschina.net/youyan/blog/849700"
591;"https://my.oschina.net/guyfar/blog/694390"
592;"https://my.oschina.net/oneapmofficial/blog/639494"
593;"https://my.oschina.net/gotham/blog/411769"
594;"https://my.oschina.net/gongshang/blog/353436"
595;"https://my.oschina.net/tenking/blog/30489"
596;"https://my.oschina.net/u/3837521/blog/1818701"
597;"https://my.oschina.net/yves175/blog/858684"
598;"https://my.oschina.net/lenglingx/blog/673816"
599;"https://my.oschina.net/u/2357606/blog/410075"
600;"https://my.oschina.net/u/126382/blog/410073"
601;"https://my.oschina.net/u/2000675/blog/1938890"
602;"https://my.oschina.net/u/615018/blog/538773"
603;"https://my.oschina.net/u/2269890/blog/536171"
604;"https://my.oschina.net/crazysmogu/blog/341563"
605;"https://my.oschina.net/clgo/blog/828635"
606;"https://my.oschina.net/u/2474096/blog/688755"
607;"https://my.oschina.net/kooksee/blog/542421"
608;"https://my.oschina.net/rst/blog/513524"
609;"https://my.oschina.net/u/1985061/blog/422586"
610;"https://my.oschina.net/innovation/blog/353011"
611;"https://my.oschina.net/letiantian/blog/282542"
612;"https://my.oschina.net/mchange/blog/172883"
613;"https://my.oschina.net/u/130801/blog/147042"
614;"https://my.oschina.net/x3d/blog/705534"
615;"https://my.oschina.net/wzwahl36/blog/535247"
616;"https://my.oschina.net/lionets/blog/407263"
617;"https://my.oschina.net/mickelfeng/blog/895746"
618;"https://my.oschina.net/lenglingx/blog/674076"
619;"https://my.oschina.net/hochikong/blog/480774"
620;"https://my.oschina.net/u/3027864/blog/784749"
621;"https://my.oschina.net/iioschina/blog/1930147"
622;"https://my.oschina.net/liuzhijun/blog/917896"
623;"https://my.oschina.net/learnbo/blog/860478"
624;"https://my.oschina.net/lykops/blog/1616574"
625;"https://my.oschina.net/lykops/blog/1586075"
626;"https://my.oschina.net/u/3720197/blog/1570267"
627;"https://my.oschina.net/u/2306127/blog/600298"
628;"https://my.oschina.net/u/929394/blog/392236"
629;"https://my.oschina.net/vaero/blog/210486"
630;"https://my.oschina.net/djsoft/blog/1608089"
631;"https://my.oschina.net/oneapmofficial/blog/603985"
632;"https://my.oschina.net/yj1993/blog/1581652"
633;"https://my.oschina.net/hxily/blog/618887"
634;"https://my.oschina.net/goskyblue/blog/608592"
635;"https://my.oschina.net/leejun2005/blog/486771"
636;"https://my.oschina.net/lvyi/blog/543758"
637;"https://my.oschina.net/joryqiao/blog/2045673"
638;"https://my.oschina.net/u/3794778/blog/1825583"
639;"https://my.oschina.net/u/3837521/blog/1819928"
640;"https://my.oschina.net/u/1259702/blog/1630612"
641;"https://my.oschina.net/u/1185936/blog/1575917"
642;"https://my.oschina.net/u/3572879/blog/1563377"
643;"https://my.oschina.net/shyl/blog/881068"
644;"https://my.oschina.net/floristgao/blog/871081"
645;"https://my.oschina.net/daidetian/blog/839144"
646;"https://my.oschina.net/u/1376153/blog/796017"
647;"https://my.oschina.net/u/873595/blog/792028"
648;"https://my.oschina.net/powerwind/blog/756204"
649;"https://my.oschina.net/nime/blog/663093"
650;"https://my.oschina.net/zzxworld/blog/485947"
651;"https://my.oschina.net/1123581321/blog/322775"
652;"https://my.oschina.net/u/614223/blog/267424"
653;"https://my.oschina.net/l1z2g9/blog/191278"
654;"https://my.oschina.net/pengfeix/blog/125292"
655;"https://my.oschina.net/ganity/blog/1616866"
656;"https://my.oschina.net/u/3287577/blog/1518366"
657;"https://my.oschina.net/u/1777508/blog/1635054"
658;"https://my.oschina.net/u/3683197/blog/1541240"
659;"https://my.oschina.net/u/2541037/blog/661927"
660;"https://my.oschina.net/learnbo/blog/865396"
661;"https://my.oschina.net/xirongliu/blog/786435"
662;"https://my.oschina.net/u/939265/blog/102588"
663;"https://my.oschina.net/jhao104/blog/799883"
664;"https://my.oschina.net/liushui77/blog/1537062"
665;"https://my.oschina.net/rootliu/blog/1532470"
666;"https://my.oschina.net/linuxprobe/blog/727485"
667;"https://my.oschina.net/sukai/blog/614581"
668;"https://my.oschina.net/u/3698453/blog/1788129"
669;"https://my.oschina.net/u/3367404/blog/1944479"
670;"https://my.oschina.net/u/3837521/blog/1831125"
671;"https://my.oschina.net/u/3655036/blog/1529846"
672;"https://my.oschina.net/lionets/blog/854102"
673;"https://my.oschina.net/phodal/blog/846209"
674;"https://my.oschina.net/tangzhichao/blog/781424"
675;"https://my.oschina.net/shyl/blog/667470"
676;"https://my.oschina.net/Jr413/blog/416988"
677;"https://my.oschina.net/935572630/blog/372942"
678;"https://my.oschina.net/pengfeix/blog/107810"
679;"https://my.oschina.net/u/3729927/blog/1930369"
680;"https://my.oschina.net/u/3849319/blog/1823269"
681;"https://my.oschina.net/guoenzhou/blog/1595274"
682;"https://my.oschina.net/u/914655/blog/1585120"
683;"https://my.oschina.net/charlock/blog/1545359"
684;"https://my.oschina.net/u/3635721/blog/1541321"
685;"https://my.oschina.net/u/2852162/blog/1537611"
686;"https://my.oschina.net/quanpower/blog/1476650"
687;"https://my.oschina.net/blgpl/blog/776434"
688;"https://my.oschina.net/hochikong/blog/700882"
689;"https://my.oschina.net/bwhite/blog/668589"
690;"https://my.oschina.net/pydevops/blog/608606"
691;"https://my.oschina.net/u/2258015/blog/336708"
692;"https://my.oschina.net/lenglingx/blog/138439"
693;"https://my.oschina.net/54php/blog/1926416"
694;"https://my.oschina.net/corleone/blog/1815666"
695;"https://my.oschina.net/u/3724910/blog/1810274"
696;"https://my.oschina.net/rootliu/blog/1531466"
697;"https://my.oschina.net/u/3472227/blog/1186580"
698;"https://my.oschina.net/u/2369776/blog/837929"
699;"https://my.oschina.net/shiyanlou/blog/759390"
700;"https://my.oschina.net/Yamazaki/blog/537790"
701;"https://my.oschina.net/u/3828224/blog/1801719"
702;"https://my.oschina.net/leejun2005/blog/75719"
703;"https://my.oschina.net/rootliu/blog/1532261"
704;"https://my.oschina.net/u/2306127/blog/421030"
705;"https://my.oschina.net/xiaominmin/blog/1850585"
706;"https://my.oschina.net/u/3687565/blog/1538119"
707;"https://my.oschina.net/littlecodersh/blog/677701"
708;"https://my.oschina.net/u/2541037/blog/662498"
709;"https://my.oschina.net/u/2357525/blog/759547"
710;"https://my.oschina.net/u/566896/blog/747269"
711;"https://my.oschina.net/eddylinux/blog/526074"
712;"https://my.oschina.net/u/2358213/blog/408277"
713;"https://my.oschina.net/u/3793567/blog/1809439"
714;"https://my.oschina.net/zoomquiet/blog/1498734"
715;"https://my.oschina.net/u/2348771/blog/413639"
716;"https://my.oschina.net/xjiujiu89/blog/408845"
717;"https://my.oschina.net/giszhang/blog/323043"
718;"https://my.oschina.net/hxy/blog/39964"
719;"https://my.oschina.net/shaochuan/blog/1944132"
720;"https://my.oschina.net/shaochuan/blog/1938922"
721;"https://my.oschina.net/u/3849396/blog/1829362"
722;"https://my.oschina.net/u/3806338/blog/1810951"
723;"https://my.oschina.net/u/3837521/blog/1810778"
724;"https://my.oschina.net/u/3704723/blog/1810367"
725;"https://my.oschina.net/flywuya/blog/1795667"
726;"https://my.oschina.net/u/160298/blog/1623418"
727;"https://my.oschina.net/u/2263933/blog/1592616"
728;"https://my.oschina.net/u/914655/blog/1548651"
729;"https://my.oschina.net/rootliu/blog/1529688"
730;"https://my.oschina.net/zoomquiet/blog/1498735"
731;"https://my.oschina.net/roycehe/blog/1153853"
732;"https://my.oschina.net/guol/blog/871756"
733;"https://my.oschina.net/kun123/blog/849417"
734;"https://my.oschina.net/liubaizi/blog/844253"
735;"https://my.oschina.net/u/2963703/blog/774822"
736;"https://my.oschina.net/CandyMi/blog/730698"
737;"https://my.oschina.net/s10086/blog/680502"
738;"https://my.oschina.net/lvyi/blog/596419"
739;"https://my.oschina.net/amtf/blog/492864"
740;"https://my.oschina.net/935572630/blog/368295"
741;"https://my.oschina.net/gongshang/blog/269849"
742;"https://my.oschina.net/pengfeix/blog/115138"
743;"https://my.oschina.net/julienbin/blog/68373"
744;"https://my.oschina.net/u/165178/blog/2030984"
745;"https://my.oschina.net/u/1447112/blog/1922773"
746;"https://my.oschina.net/u/2306127/blog/1839924"
747;"https://my.oschina.net/u/3849319/blog/1822903"
748;"https://my.oschina.net/u/3839556/blog/1808537"
749;"https://my.oschina.net/u/2306127/blog/1802177"
750;"https://my.oschina.net/zhackj/blog/1787517"
751;"https://my.oschina.net/Kanonpy/blog/861178"
752;"https://my.oschina.net/editorial-story/blog/843779"
753;"https://my.oschina.net/u/2245485/blog/781691"
754;"https://my.oschina.net/charlock/blog/760719"
755;"https://my.oschina.net/lpe234/blog/689059"
756;"https://my.oschina.net/fmnisme/blog/592767"
757;"https://my.oschina.net/u/2007546/blog/466852"
758;"https://my.oschina.net/u/3579120/blog/1533542"
759;"https://my.oschina.net/u/139883/blog/127581"
760;"https://my.oschina.net/duoduo3369/blog/351563"
761;"https://my.oschina.net/u/3729326/blog/1800549"
762;"https://my.oschina.net/u/3620978/blog/1618614"
763;"https://my.oschina.net/sukai/blog/614588"
764;"https://my.oschina.net/liuyuantao/blog/956487"
765;"https://my.oschina.net/pydevops/blog/692544"
766;"https://my.oschina.net/u/3472227/blog/919341"
767;"https://my.oschina.net/u/1462124/blog/552874"
768;"https://my.oschina.net/yzbty32/blog/476058"
769;"https://my.oschina.net/phodal/blog/419345"
770;"https://my.oschina.net/tenking/blog/62977"
771;"https://my.oschina.net/Rayn/blog/1023470"
772;"https://my.oschina.net/u/2509910/blog/855466"
773;"https://my.oschina.net/zhuangweihong/blog/899247"
774;"https://my.oschina.net/u/3849319/blog/1931728"
775;"https://my.oschina.net/sshsxl/blog/1919670"
776;"https://my.oschina.net/u/3851496/blog/1865712"
777;"https://my.oschina.net/xiaominmin/blog/1858640"
778;"https://my.oschina.net/u/3648651/blog/1840791"
779;"https://my.oschina.net/yves175/blog/1825480"
780;"https://my.oschina.net/RabbitXiao/blog/1787789"
781;"https://my.oschina.net/lyroge/blog/1786361"
782;"https://my.oschina.net/u/3773937/blog/1786278"
783;"https://my.oschina.net/xiaominmin/blog/1597046"
784;"https://my.oschina.net/u/2367514/blog/1536609"
785;"https://my.oschina.net/RabbitXiao/blog/968233"
786;"https://my.oschina.net/yomut/blog/917651"
787;"https://my.oschina.net/esdn/blog/816433"
788;"https://my.oschina.net/u/3002328/blog/785944"
789;"https://my.oschina.net/sexgirl/blog/745434"
790;"https://my.oschina.net/u/915811/blog/732727"
791;"https://my.oschina.net/u/2453016/blog/711538"
792;"https://my.oschina.net/liuxinquan/blog/551341"
793;"https://my.oschina.net/wzwahl36/blog/526712"
794;"https://my.oschina.net/u/1242185/blog/359374"
795;"https://my.oschina.net/ChenBaker/blog/356754"
796;"https://my.oschina.net/u/1780747/blog/305075"
797;"https://my.oschina.net/renguijiayi/blog/261698"
798;"https://my.oschina.net/fuxiaohei/blog/208061"
799;"https://my.oschina.net/czhang/blog/126700"
800;"https://my.oschina.net/toil/blog/393460"
801;"https://my.oschina.net/blogshi/blog/293631"
802;"https://my.oschina.net/garlicts/blog/1927814"
803;"https://my.oschina.net/u/3611008/blog/1635174"
804;"https://my.oschina.net/u/3699676/blog/1544957"
805;"https://my.oschina.net/zungyiu/blog/649157"
806;"https://my.oschina.net/u/2439819/blog/495234"
807;"https://my.oschina.net/icanactnow/blog/1563466"
808;"https://my.oschina.net/u/3579120/blog/1508258"
809;"https://my.oschina.net/quanpower/blog/1492626"
810;"https://my.oschina.net/quanpower/blog/1439354"
811;"https://my.oschina.net/u/2306127/blog/639345"
812;"https://my.oschina.net/sukai/blog/802597"
813;"https://my.oschina.net/quanpower/blog/150346"
814;"https://my.oschina.net/kuafu/blog/28787"
815;"https://my.oschina.net/taogang/blog/630632"
816;"https://my.oschina.net/songcser/blog/1600616"
817;"https://my.oschina.net/zoomquiet/blog/1498736"
818;"https://my.oschina.net/mickelfeng/blog/1154021"
819;"https://my.oschina.net/learnbo/blog/844334"
820;"https://my.oschina.net/asktao/blog/734387"
821;"https://my.oschina.net/foundation00523wuxi/blog/537670"
822;"https://my.oschina.net/u/3910105/blog/1852168"
823;"https://my.oschina.net/longhtml/blog/153488"
824;"https://my.oschina.net/u/3849396/blog/1827622"
825;"https://my.oschina.net/mimvp/blog/1511002"
826;"https://my.oschina.net/sunboy2050/blog/1510794"
827;"https://my.oschina.net/u/3579120/blog/1508437"
828;"https://my.oschina.net/u/3463194/blog/913310"
829;"https://my.oschina.net/u/3346994/blog/911604"
830;"https://my.oschina.net/datacube/blog/839798"
831;"https://my.oschina.net/aibati2008/blog/695520"
832;"https://my.oschina.net/linuxhunter/blog/652799"
833;"https://my.oschina.net/Rayn/blog/336675"
834;"https://my.oschina.net/freegeek/blog/309285"
835;"https://my.oschina.net/u/1780747/blog/279524"
836;"https://my.oschina.net/u/3027864/blog/784752"
837;"https://my.oschina.net/goskyblue/blog/364295"
838;"https://my.oschina.net/u/3636678/blog/1944533"
839;"https://my.oschina.net/ssdlinux/blog/1921652"
840;"https://my.oschina.net/u/3308739/blog/1921242"
841;"https://my.oschina.net/u/3920239/blog/1865525"
842;"https://my.oschina.net/u/3917464/blog/1862067"
843;"https://my.oschina.net/u/3849396/blog/1828658"
844;"https://my.oschina.net/u/3849319/blog/1828520"
845;"https://my.oschina.net/u/3839556/blog/1825334"
846;"https://my.oschina.net/u/3849396/blog/1824293"
847;"https://my.oschina.net/u/3849396/blog/1822440"
848;"https://my.oschina.net/54php/blog/1815446"
849;"https://my.oschina.net/u/3849319/blog/1814398"
850;"https://my.oschina.net/u/3849319/blog/1809627"
851;"https://my.oschina.net/u/3018050/blog/1798505"
852;"https://my.oschina.net/u/590882/blog/1798060"
853;"https://my.oschina.net/gitosc/blog/1794124"
854;"https://my.oschina.net/u/3825370/blog/1788382"
855;"https://my.oschina.net/u/3628059/blog/1626155"
856;"https://my.oschina.net/u/3726647/blog/1615631"
857;"https://my.oschina.net/cookieye/blog/1593905"
858;"https://my.oschina.net/jamescasta/blog/1592479"
859;"https://my.oschina.net/yj1993/blog/1580742"
860;"https://my.oschina.net/phper1234/blog/1517611"
861;"https://my.oschina.net/u/3654059/blog/1513593"
862;"https://my.oschina.net/quanpower/blog/918991"
863;"https://my.oschina.net/tangcoffee/blog/912461"
864;"https://my.oschina.net/liuyuantao/blog/856472"
865;"https://my.oschina.net/liuzhijun/blog/850617"
866;"https://my.oschina.net/learnbo/blog/842621"
867;"https://my.oschina.net/u/778683/blog/828668"
868;"https://my.oschina.net/u/3115081/blog/804056"
869;"https://my.oschina.net/hexie/blog/784162"
870;"https://my.oschina.net/linuxprobe/blog/754991"
871;"https://my.oschina.net/caoxinyu0205/blog/741815"
872;"https://my.oschina.net/sunshineg/blog/739952"
873;"https://my.oschina.net/donngchao/blog/659660"
874;"https://my.oschina.net/godofpath/blog/655168"
875;"https://my.oschina.net/sukai/blog/614583"
876;"https://my.oschina.net/jastme/blog/600754"
877;"https://my.oschina.net/u/2540725/blog/552993"
878;"https://my.oschina.net/kooksee/blog/542431"
879;"https://my.oschina.net/u/2429887/blog/538026"
880;"https://my.oschina.net/u/2401390/blog/470070"
881;"https://my.oschina.net/longfirst/blog/419440"
882;"https://my.oschina.net/freegeek/blog/300879"
883;"https://my.oschina.net/kuerant/blog/186802"
884;"https://my.oschina.net/chenbilly/blog/174845"
885;"https://my.oschina.net/swuly302/blog/150367"
886;"https://my.oschina.net/wangbuke/blog/105671"
887;"https://my.oschina.net/leejun2005/blog/146025"
888;"https://my.oschina.net/leejun2005/blog/521851"
889;"https://my.oschina.net/u/3908182/blog/1914454"
890;"https://my.oschina.net/crossin/blog/1820873"
891;"https://my.oschina.net/u/2396236/blog/1594853"
892;"https://my.oschina.net/u/3699676/blog/1544965"
893;"https://my.oschina.net/u/3579120/blog/1533493"
894;"https://my.oschina.net/sijinge/blog/1527786"
895;"https://my.oschina.net/taogang/blog/1860421"
896;"https://my.oschina.net/u/3728672/blog/1817030"
897;"https://my.oschina.net/editorial-story/blog/1499026"
898;"https://my.oschina.net/lvyi/blog/423842"
899;"https://my.oschina.net/Dreampie/blog/381402"
900;"https://my.oschina.net/HardySimpson/blog/365513"
901;"https://my.oschina.net/u/3330830/blog/1922316"
902;"https://my.oschina.net/u/3008585/blog/1921314"
903;"https://my.oschina.net/u/3760760/blog/1921221"
904;"https://my.oschina.net/GloryMK/blog/1842367"
905;"https://my.oschina.net/u/3857867/blog/1824058"
906;"https://my.oschina.net/crossin/blog/1822127"
907;"https://my.oschina.net/u/3857867/blog/1819221"
908;"https://my.oschina.net/crossin/blog/1817284"
909;"https://my.oschina.net/adailinux/blog/1609221"
910;"https://my.oschina.net/u/2474096/blog/1586762"
911;"https://my.oschina.net/yj1993/blog/1585373"
912;"https://my.oschina.net/u/1382365/blog/1550711"
913;"https://my.oschina.net/u/3579120/blog/1533341"
914;"https://my.oschina.net/u/3415127/blog/1510203"
915;"https://my.oschina.net/u/1260221/blog/1499909"
916;"https://my.oschina.net/u/3579120/blog/1114019"
917;"https://my.oschina.net/ososchina/blog/916808"
918;"https://my.oschina.net/shizilaixi/blog/889947"
919;"https://my.oschina.net/monkeyzhu/blog/866212"
920;"https://my.oschina.net/u/2306127/blog/841039"
921;"https://my.oschina.net/u/2816749/blog/824736"
922;"https://my.oschina.net/SegmentFault/blog/809455"
923;"https://my.oschina.net/sikou/blog/804405"
924;"https://my.oschina.net/wpgraceii/blog/754681"
925;"https://my.oschina.net/yygh/blog/748231"
926;"https://my.oschina.net/aibati2008/blog/719708"
927;"https://my.oschina.net/oQXXgkw1EAGF/blog/669046"
928;"https://my.oschina.net/greister/blog/488212"
929;"https://my.oschina.net/shenlanPE/blog/264679"
930;"https://my.oschina.net/wiselyming/blog/190591"
931;"https://my.oschina.net/pcduino/blog/142268"
932;"https://my.oschina.net/hblt147/blog/1842920"
933;"https://my.oschina.net/wuweixiang/blog/1838154"
934;"https://my.oschina.net/yezijun/blog/1618721"
935;"https://my.oschina.net/huqiji/blog/997754"
936;"https://my.oschina.net/u/1762811/blog/796356"
937;"https://my.oschina.net/liangboss/blog/688614"
938;"https://my.oschina.net/custer/blog/401260"
939;"https://my.oschina.net/u/190049/blog/75690"
940;"https://my.oschina.net/u/2394328/blog/631077"
941;"https://my.oschina.net/yimingblog/blog/1920409"
942;"https://my.oschina.net/mickelfeng/blog/912989"
943;"https://my.oschina.net/u/3346994/blog/874492"
944;"https://my.oschina.net/learnbo/blog/845651"
945;"https://my.oschina.net/editorial-story/blog/1843006"
946;"https://my.oschina.net/cwalet/blog/668267"
947;"https://my.oschina.net/u/3849396/blog/1861935"
948;"https://my.oschina.net/u/3733229/blog/1840191"
949;"https://my.oschina.net/u/3849396/blog/1835630"
950;"https://my.oschina.net/u/3857867/blog/1826142"
951;"https://my.oschina.net/crossin/blog/1825625"
952;"https://my.oschina.net/u/3857867/blog/1824847"
953;"https://my.oschina.net/u/3857867/blog/1824842"
954;"https://my.oschina.net/u/3849396/blog/1822277"
955;"https://my.oschina.net/u/3857867/blog/1818634"
956;"https://my.oschina.net/u/3857867/blog/1818619"
957;"https://my.oschina.net/u/3849396/blog/1810545"
958;"https://my.oschina.net/u/3746745/blog/1810463"
959;"https://my.oschina.net/u/3833268/blog/1794324"
960;"https://my.oschina.net/u/3747279/blog/1620736"
961;"https://my.oschina.net/u/3744518/blog/1586460"
962;"https://my.oschina.net/u/2424163/blog/1581701"
963;"https://my.oschina.net/linuxprobe16/blog/1544728"
964;"https://my.oschina.net/tsh/blog/1518880"
965;"https://my.oschina.net/daimabutinghua/blog/1518598"
966;"https://my.oschina.net/u/3579120/blog/1507645"
967;"https://my.oschina.net/u/3579120/blog/1507643"
968;"https://my.oschina.net/u/3479078/blog/897619"
969;"https://my.oschina.net/u/2902719/blog/895273"
970;"https://my.oschina.net/u/3293685/blog/877914"
971;"https://my.oschina.net/u/3308739/blog/875082"
972;"https://my.oschina.net/guol/blog/871678"
973;"https://my.oschina.net/u/3251865/blog/838277"
974;"https://my.oschina.net/lemonwater/blog/756307"
975;"https://my.oschina.net/yueguanqun/blog/755796"
976;"https://my.oschina.net/aibati2008/blog/724978"
977;"https://my.oschina.net/wdyoschina/blog/716829"
978;"https://my.oschina.net/ritchielei/blog/673053"
979;"https://my.oschina.net/u/1762991/blog/665743"
980;"https://my.oschina.net/phodal/blog/625307"
981;"https://my.oschina.net/phodal/blog/625303"
982;"https://my.oschina.net/exit/blog/541217"
983;"https://my.oschina.net/chinesezhx/blog/495293"
984;"https://my.oschina.net/u/2439819/blog/495229"
985;"https://my.oschina.net/u/1780920/blog/411473"
986;"https://my.oschina.net/jsan/blog/370771"
987;"https://my.oschina.net/piorcn/blog/321119"
988;"https://my.oschina.net/xuntong/blog/307852"
989;"https://my.oschina.net/chu888chu888/blog/126179"
990;"https://my.oschina.net/lanybass/blog/61397"
991;"https://my.oschina.net/54php/blog/1798194"
992;"https://my.oschina.net/xiaominmin/blog/1598877"
993;"https://my.oschina.net/u/3579120/blog/1533082"
994;"https://my.oschina.net/hirudy/blog/829458"
995;"https://my.oschina.net/u/3184969/blog/814063"
996;"https://my.oschina.net/sdeqq/blog/783913"
997;"https://my.oschina.net/crossbell/blog/757629"
998;"https://my.oschina.net/sukai/blog/633991"
999;"https://my.oschina.net/crooner/blog/606895"
1000;"https://my.oschina.net/sikou/blog/598621"
1001;"https://my.oschina.net/oneapmofficial/blog/550436"
1002;"https://my.oschina.net/u/2393162/blog/529208"
1003;"https://my.oschina.net/u/658658/blog/491847"
1004;"https://my.oschina.net/u/1017188/blog/333594"
1005;"https://my.oschina.net/u/1017188/blog/333586"
1006;"https://my.oschina.net/leejun2005/blog/100710"
1007;"https://my.oschina.net/u/932868/blog/99977"
1008;"https://my.oschina.net/leejun2005/blog/71755"
1009;"https://my.oschina.net/tenking/blog/30027"
1010;"https://my.oschina.net/u/1985061/blog/422583"
1011;"https://my.oschina.net/freegeek/blog/331980"
1012;"https://my.oschina.net/toby2chen/blog/612679"
1013;"https://my.oschina.net/gitosc/blog/872714"
1014;"https://my.oschina.net/scholer/blog/501888"
1015;"https://my.oschina.net/u/3857867/blog/1860753"
1016;"https://my.oschina.net/u/3886374/blog/1830018"
1017;"https://my.oschina.net/u/3857867/blog/1824053"
1018;"https://my.oschina.net/u/3857867/blog/1824042"
1019;"https://my.oschina.net/u/3849319/blog/1821511"
1020;"https://my.oschina.net/u/3857867/blog/1817715"
1021;"https://my.oschina.net/zhiyonghe/blog/1814217"
1022;"https://my.oschina.net/u/3822958/blog/1807093"
1023;"https://my.oschina.net/tantexian/blog/1799061"
1024;"https://my.oschina.net/u/3018050/blog/1798073"
1025;"https://my.oschina.net/u/3643112/blog/1635448"
1026;"https://my.oschina.net/u/3755458/blog/1608913"
1027;"https://my.oschina.net/u/3637633/blog/1588508"
1028;"https://my.oschina.net/kangvcar/blog/1557459"
1029;"https://my.oschina.net/newlife111/blog/1528750"
1030;"https://my.oschina.net/u/3311226/blog/1527342"
1031;"https://my.oschina.net/u/3312450/blog/1525765"
1032;"https://my.oschina.net/u/3531761/blog/1305368"
1033;"https://my.oschina.net/u/3294426/blog/873689"
1034;"https://my.oschina.net/editorial-story/blog/846346"
1035;"https://my.oschina.net/u/3217347/blog/822786"
1036;"https://my.oschina.net/SegmentFault/blog/761676"
1037;"https://my.oschina.net/hdlp520/blog/756021"
1038;"https://my.oschina.net/linuxprobe/blog/736168"
1039;"https://my.oschina.net/u/1036767/blog/730213"
1040;"https://my.oschina.net/abcijkxyz/blog/721734"
1041;"https://my.oschina.net/leejun2005/blog/631214"
1042;"https://my.oschina.net/sukai/blog/614599"
1043;"https://my.oschina.net/cloudwise/blog/509186"
1044;"https://my.oschina.net/u/2381034/blog/484282"
1045;"https://my.oschina.net/dchuang/blog/480288"
1046;"https://my.oschina.net/zhangzhe/blog/413781"
1047;"https://my.oschina.net/u/2326085/blog/391341"
1048;"https://my.oschina.net/jiaozide/blog/284533"
1049;"https://my.oschina.net/tenking/blog/32764"
1050;"https://my.oschina.net/mickelfeng/blog/1584218"
1051;"https://my.oschina.net/hardbone/blog/805349"
1052;"https://my.oschina.net/osmoon/blog/1922215"
1053;"https://my.oschina.net/u/2306127/blog/1794003"
1054;"https://my.oschina.net/u/2325281/blog/509292"
1055;"https://my.oschina.net/osceditor/blog/342492"
1056;"https://my.oschina.net/u/3797416/blog/1805937"
1057;"https://my.oschina.net/Seas0n/blog/619194"
1058;"https://my.oschina.net/zungyiu/blog/171394"
1059;"https://my.oschina.net/lfxu/blog/334929"
1060;"https://my.oschina.net/jacy0201/blog/1803070"
1061;"https://my.oschina.net/apdplat/blog/511501"
1062;"https://my.oschina.net/qiangzigege/blog/920575"
1063;"https://my.oschina.net/mickelfeng/blog/839245"
1064;"https://my.oschina.net/u/2546684/blog/752985"
1065;"https://my.oschina.net/twistfate33/blog/729442"
1066;"https://my.oschina.net/wmjie/blog/517856"
1067;"https://my.oschina.net/sunxichao/blog/374015"
1068;"https://my.oschina.net/square0083/blog/99059"
1069;"https://my.oschina.net/u/1760791/blog/1580604"
1070;"https://my.oschina.net/hardbone/blog/794807"
1071;"https://my.oschina.net/yagami1983/blog/1942415"
1072;"https://my.oschina.net/u/3798384/blog/1825146"
1073;"https://my.oschina.net/u/1393056/blog/1633677"
1074;"https://my.oschina.net/linuxprobe16/blog/1607634"
1075;"https://my.oschina.net/u/3308739/blog/1605421"
1076;"https://my.oschina.net/xiaominmin/blog/1599706"
1077;"https://my.oschina.net/u/3629884/blog/1517696"
1078;"https://my.oschina.net/u/3460769/blog/1486222"
1079;"https://my.oschina.net/yongxinke/blog/918352"
1080;"https://my.oschina.net/mickelfeng/blog/902162"
1081;"https://my.oschina.net/u/3054299/blog/888179"
1082;"https://my.oschina.net/u/3100313/blog/857396"
1083;"https://my.oschina.net/u/3100827/blog/811945"
1084;"https://my.oschina.net/cccyb/blog/760622"
1085;"https://my.oschina.net/wanjubang/blog/738236"
1086;"https://my.oschina.net/abcijkxyz/blog/721763"
1087;"https://my.oschina.net/u/202946/blog/686545"
1088;"https://my.oschina.net/u/2394328/blog/632075"
1089;"https://my.oschina.net/Yamazaki/blog/531106"
1090;"https://my.oschina.net/mrexano/blog/502477"
1091;"https://my.oschina.net/renliangrong/blog/472599"
1092;"https://my.oschina.net/Qm3KQvXRq/blog/416535"
1093;"https://my.oschina.net/hochikong/blog/409152"
1094;"https://my.oschina.net/zhenfei/blog/1930113"
1095;"https://my.oschina.net/gsbhz/blog/748887"
1096;"https://my.oschina.net/xcy2011sky/blog/492657"
1097;"https://my.oschina.net/u/1433482/blog/1927402"
1098;"https://my.oschina.net/u/3861268/blog/1820558"
1099;"https://my.oschina.net/u/3803405/blog/1814561"
1100;"https://my.oschina.net/u/3579120/blog/1532825"
1101;"https://my.oschina.net/lmoon/blog/893921"
1102;"https://my.oschina.net/innovation/blog/800027"
1103;"https://my.oschina.net/easyops/blog/737038"
1104;"https://my.oschina.net/glarystar/blog/602566"
1105;"https://my.oschina.net/zipu888/blog/549754"
1106;"https://my.oschina.net/eddylinux/blog/537174"
1107;"https://my.oschina.net/u/1462124/blog/521231"
1108;"https://my.oschina.net/quanpower/blog/131019"
1109;"https://my.oschina.net/mingdegewu/blog/119597"
1110;"https://my.oschina.net/tenking/blog/29597"
1111;"https://my.oschina.net/u/2969313/blog/1509522"
1112;"https://my.oschina.net/u/3702584/blog/1547100"
1113;"https://my.oschina.net/lemonwater/blog/1531922"
1114;"https://my.oschina.net/u/3579120/blog/1507999"
1115;"https://my.oschina.net/u/3579120/blog/1507673"
1116;"https://my.oschina.net/hahaduo/blog/917690"
1117;"https://my.oschina.net/yunnet/blog/872972"
1118;"https://my.oschina.net/u/1165204/blog/739188"
1119;"https://my.oschina.net/itsuifeng/blog/736368"
1120;"https://my.oschina.net/moodlxs/blog/734980"
1121;"https://my.oschina.net/abcijkxyz/blog/721754"
1122;"https://my.oschina.net/wangsifangyuan/blog/653563"
1123;"https://my.oschina.net/airship/blog/610913"
1124;"https://my.oschina.net/leejun2005/blog/535071"
1125;"https://my.oschina.net/sqzy/blog/478385"
1126;"https://my.oschina.net/huihoo/blog/1859844"
1127;"https://my.oschina.net/innost/blog/204429"
1128;"https://my.oschina.net/renwofei423/blog/191248"
1129;"https://my.oschina.net/maojindaoGG/blog/1942458"
1130;"https://my.oschina.net/u/3018050/blog/1791688"
1131;"https://my.oschina.net/u/1580214/blog/1377168"
1132;"https://my.oschina.net/u/3251865/blog/838288"
1133;"https://my.oschina.net/zhiqiangwang/blog/822327"
1134;"https://my.oschina.net/lCQ3FC3/blog/758944"
1135;"https://my.oschina.net/mskk/blog/755474"
1136;"https://my.oschina.net/zzdzm/blog/698010"
1137;"https://my.oschina.net/sukai/blog/608006"
1138;"https://my.oschina.net/u/2306127/blog/550412"
1139;"https://my.oschina.net/duxuefeng/blog/507509"
1140;"https://my.oschina.net/u/2260265/blog/412295"
1141;"https://my.oschina.net/zungyiu/blog/337971"
1142;"https://my.oschina.net/zboy/blog/294964"
1143;"https://my.oschina.net/Chaos777/blog/267417"
1144;"https://my.oschina.net/tenking/blog/29413"
1145;"https://my.oschina.net/tenking/blog/17144"
1146;"https://my.oschina.net/u/199525/blog/1819683"
1147;"https://my.oschina.net/u/3803405/blog/1818773"
1148;"https://my.oschina.net/tsh/blog/1518872"
1149;"https://my.oschina.net/learnbo/blog/824114"
1150;"https://my.oschina.net/u/1260221/blog/815826"
1151;"https://my.oschina.net/yves175/blog/811982"
1152;"https://my.oschina.net/u/2246951/blog/810725"
1153;"https://my.oschina.net/lenglingx/blog/788191"
1154;"https://my.oschina.net/Cw6PKk/blog/787778"
1155;"https://my.oschina.net/yuyang/blog/780300"
1156;"https://my.oschina.net/shaonan/blog/779205"
1157;"https://my.oschina.net/u/2308739/blog/778297"
1158;"https://my.oschina.net/u/521776/blog/769097"
1159;"https://my.oschina.net/buran/blog/714523"
1160;"https://my.oschina.net/havoc/blog/706852"
1161;"https://my.oschina.net/u/1433482/blog/679648"
1162;"https://my.oschina.net/zengjs275/blog/663916"
1163;"https://my.oschina.net/lwaif/blog/618183"
1164;"https://my.oschina.net/zzop/blog/499889"
1165;"https://my.oschina.net/leejun2005/blog/477614"
1166;"https://my.oschina.net/liting/blog/417948"
1167;"https://my.oschina.net/victorlovecode/blog/344377"
1168;"https://my.oschina.net/dukson/blog/325677"
1169;"https://my.oschina.net/adwangxiao/blog/272859"
1170;"https://my.oschina.net/mingdegewu/blog/119541"
1171;"https://my.oschina.net/boltwu/blog/728805"
1172;"https://my.oschina.net/apdplat/blog/392483"
1173;"https://my.oschina.net/dantezhu/blog/359649"
1174;"https://my.oschina.net/qiangzigege/blog/644568"
1175;"https://my.oschina.net/hejunbinlan/blog/517376"
1176;"https://my.oschina.net/u/1016305/blog/506314"
1177;"https://my.oschina.net/zhangxu0512/blog/356857"
1178;"https://my.oschina.net/sukai/blog/634831"
1179;"https://my.oschina.net/apdplat/blog/378569"
1180;"https://my.oschina.net/quanpower/blog/103137"
1181;"https://my.oschina.net/apdplat/blog/391023"
1182;"https://my.oschina.net/apdplat/blog/393771"
1183;"https://my.oschina.net/apdplat/blog/393278"
1184;"https://my.oschina.net/apdplat/blog/391023"
1185;"https://my.oschina.net/apdplat/blog/393771"
1186;"https://my.oschina.net/apdplat/blog/393278"
1187;"https://my.oschina.net/apdplat/blog/391023"
1188;"https://my.oschina.net/apdplat/blog/393771"
1189;"https://my.oschina.net/apdplat/blog/393278"
1190;"https://my.oschina.net/apdplat/blog/391023"
1191;"https://my.oschina.net/apdplat/blog/393771"
1192;"https://my.oschina.net/apdplat/blog/393278"
1193;"https://my.oschina.net/apdplat/blog/391023"
1194;"https://my.oschina.net/apdplat/blog/393771"
1195;"https://my.oschina.net/apdplat/blog/393278"
1196;"https://my.oschina.net/apdplat/blog/391023"
1197;"https://my.oschina.net/apdplat/blog/393771"
1198;"https://my.oschina.net/apdplat/blog/393278"
1199;"https://my.oschina.net/apdplat/blog/391023"
1200;"https://my.oschina.net/apdplat/blog/393771"
1201;"https://my.oschina.net/apdplat/blog/393278"
1202;"https://my.oschina.net/apdplat/blog/391023"
1203;"https://my.oschina.net/apdplat/blog/393771"
1204;"https://my.oschina.net/apdplat/blog/393278"
1205;"https://my.oschina.net/apdplat/blog/391023"
1206;"https://my.oschina.net/apdplat/blog/393771"
1207;"https://my.oschina.net/apdplat/blog/393278"
1208;"https://my.oschina.net/apdplat/blog/391023"
1209;"https://my.oschina.net/apdplat/blog/393771"
1210;"https://my.oschina.net/apdplat/blog/393278"
1211;"https://my.oschina.net/apdplat/blog/391023"
1212;"https://my.oschina.net/apdplat/blog/393771"
1213;"https://my.oschina.net/apdplat/blog/393278"
1214;"https://my.oschina.net/apdplat/blog/391023"
1215;"https://my.oschina.net/apdplat/blog/393771"
1216;"https://my.oschina.net/apdplat/blog/393278"
1217;"https://my.oschina.net/apdplat/blog/391023"
1218;"https://my.oschina.net/apdplat/blog/393771"
1219;"https://my.oschina.net/apdplat/blog/393278"
